<Ui xmlns="http://www.blizzard.com/wow/ui/" xmlns:xsi="http://www.w3.org/2001/XMLSchema-instance"
xsi:schemaLocation="http://www.blizzard.com/wow/ui/
..\FrameXML\UI.xsd">

<Script file="LibStub\LibStub.lua"/>
<Include file="CallbackHandler-1.0\CallbackHandler-1.0.xml"/>

<Include file="AceGUI-3.0\AceGUI-3.0.xml"/>
<Include file="AceConfig-3.0\AceConfig-3.0.xml"/>
<Include file="AceDB-3.0\AceDB-3.0.xml"/>
<Include file="AceDBOptions-3.0\AceDBOptions-3.0.xml"/>

<Include file="LibAboutPanel\lib.xml"/>

<Script file="LibDataBroker-1.1\LibDataBroker-1.1.lua"/>
<Script file="LibDBIcon-1.0\LibDBIcon-1.0.lua" />

<Include file="LibBabble-Boss-3.0\lib.xml" />
<Include file="LibBabble-Inventory-3.0\lib.xml" />

</Ui>
