<Ui xmlns="http://www.blizzard.com/wow/ui/"
    xmlns:xsi="http://www.w3.org/2001/XMLSchema-instance"
    xsi:schemaLocation="http://www.blizzard.com/wow/ui/ ..\..\FrameXML\UI.xsd">

	<Script file="SoundList.lua"/>
	<Script file="ChatSounds.lua"/>
	<Script file="ChatSoundsOptionsFrame.lua"/>

	<Frame name="ChatSoundsFrame">
		<Scripts>
			<OnLoad>
				ChatSounds_OnLoad(self);
			</OnLoad>
			<OnEvent>
 				ChatSounds_OnEvent(self, event, ...);
			</OnEvent>
		</Scripts>
	</Frame>

</Ui>