<Ui xmlns="http://www.blizzard.com/wow/ui/" xmlns:xsi="http://www.w3.org/2001/XMLSchema-instance" xsi:schemaLocation="http://www.blizzard.com/wow/ui/
..\FrameXML\UI.xsd">

<!--<Script file="Utf8\utf8.lua"/>-->

<!--@no-lib-strip@-->
<Script file="LibStub\LibStub.lua"/>
<Include file="CallbackHandler-1.0\CallbackHandler-1.0.xml" />
<Include file="AceAddon-3.0\AceAddon-3.0.xml" />
<Include file="AceDB-3.0\AceDB-3.0.xml" />
<Include file="AceDBOptions-3.0\AceDBOptions-3.0.xml" />
<Include file="AceConsole-3.0\AceConsole-3.0.xml" />
<Include file="AceEvent-3.0\AceEvent-3.0.xml" />
<Include file="AceTimer-3.0\AceTimer-3.0.xml" />
<Include file="AceGUI-3.0\AceGUI-3.0.xml" />
<Include file="AceConfig-3.0\AceConfig-3.0.xml" />
<Include file="AceHook-3.0\AceHook-3.0.xml" />
<Include file="AceTab-3.0\AceTab-3.0.xml" />

<Include file="LibSharedMedia-3.0\lib.xml"/>

<Include file="LibSink-2.0\lib.xml"/>

<Include file="AceGUI-3.0-SharedMediaWidgets\widget.xml"/>
<!--@end-no-lib-strip@-->

<Script file="LibDataBroker-1.1\LibDataBroker-1.1.lua"/>

<!--@no-lib-strip@-->
<Script file="LibDBIcon-1.0\LibDBIcon-1.0.lua"/>
<Include file="LibAlts-1.0\lib.xml"/>
<!--@end-no-lib-strip@-->

</Ui>
