<!-- Revision: 402 2011-02-01T17:55:01Z -->
<Ui xmlns="http://www.blizzard.com/wow/ui/" xmlns:xsi="http://www.w3.org/2001/XMLSchema-instance" xsi:schemaLocation="http://www.blizzard.com/wow/ui/
..\..\..\FrameXML\UI.xsd">
  <Script file="ArmoryPetFrame.lua"/>
  <Button name="ArmoryPetTabTemplate" inherits="ArmoryTabButtonTemplate" toplevel="true" virtual="true">
    <Size>
      <AbsDimension x="10" y="24"/>
    </Size>
    <Scripts>
      <OnClick>
        ArmoryPetFrameTab_OnClick(self);
      </OnClick>
    </Scripts>
  </Button>
  <CheckButton name="ArmoryPetSlotTemplate" virtual="true">
    <Size>
      <AbsDimension x="37" y="37"/>
    </Size>
    <Layers>
      <Layer level="BORDER">
        <Texture name="$parentIconTexture"/>
      </Layer>
      <Layer level="BACKGROUND">
        <Texture name="$parentBackground" file="Interface\Buttons\UI-EmptySlot">
          <Size>
            <AbsDimension x="64" y="64"/>
          </Size>
          <Anchors>
            <Anchor point="TOPLEFT">
              <Offset>
                <AbsDimension x="-13" y="13"/>
              </Offset>
            </Anchor>
          </Anchors>
        </Texture>
      </Layer>
    </Layers>
    <Scripts>
      <OnLoad>
        self:RegisterForClicks("LeftButtonUp", "RightButtonUp");
      </OnLoad>
      <OnEnter>
        if ( self.tooltip ) then
          GameTooltip:SetOwner(self, "ANCHOR_RIGHT");
          GameTooltip:SetText(self.tooltip);
          GameTooltip:AddLine(self.tooltipSubtext, "", 1.0, 1.0, 1.0);
          Armory:TooltipAddHints(GameTooltip, self.hint);
          GameTooltip:Show();
        end
      </OnEnter>
      <OnLeave>
        GameTooltip:Hide();
      </OnLeave>
      <OnClick>
        ArmoryPetSlot_OnClick(self, button);
      </OnClick>
    </Scripts>
    <NormalTexture name="$parentNormalTexture" file="Interface\Buttons\UI-Quickslot2">
      <Size>
        <AbsDimension x="64" y="64"/>
      </Size>
      <Anchors>
        <Anchor point="CENTER">
          <Offset>
            <AbsDimension x="0" y="-1"/>
          </Offset>
        </Anchor>
      </Anchors>
    </NormalTexture>
    <PushedTexture file="Interface\Buttons\UI-Quickslot-Depress"/>
    <HighlightTexture file="Interface\Buttons\ButtonHilight-Square" alphaMode="ADD"/>
    <CheckedTexture file="Interface\Buttons\CheckButtonHilight" alphaMode="ADD"/>
  </CheckButton>
  <Frame name="ArmoryPetFrame" setAllPoints="true" enableMouse="true" movable="true" parent="ArmoryFrame" id="2" hidden="true">
    <HitRectInsets>
      <AbsInset left="0" right="34" top="0" bottom="75"/>
    </HitRectInsets>
    <Layers>
      <Layer level="BACKGROUND">
        <Texture file="Interface\PetStableFrame\UI-PetStable-TopLeft">
          <Size>
            <AbsDimension x="256" y="256"/>
          </Size>
          <Anchors>
            <Anchor point="TOPLEFT">
              <Offset>
                <AbsDimension x="2" y="-1"/>
              </Offset>
            </Anchor>
          </Anchors>
        </Texture>
        <Texture file="Interface\PetStableFrame\UI-PetStable-TopRight">
          <Size>
            <AbsDimension x="128" y="256"/>
          </Size>
          <Anchors>
            <Anchor point="TOPLEFT">
              <Offset>
                <AbsDimension x="258" y="-1"/>
              </Offset>
            </Anchor>
          </Anchors>
        </Texture>
        <Texture file="Interface\PetStableFrame\UI-PetStable-BottomLeft">
          <Size>
            <AbsDimension x="256" y="256"/>
          </Size>
          <Anchors>
            <Anchor point="TOPLEFT">
              <Offset>
                <AbsDimension x="2" y="-257"/>
              </Offset>
            </Anchor>
          </Anchors>
        </Texture>
        <Texture file="Interface\PetStableFrame\UI-PetStable-BottomRight">
          <Size>
            <AbsDimension x="128" y="256"/>
          </Size>
          <Anchors>
            <Anchor point="TOPLEFT">
              <Offset>
                <AbsDimension x="258" y="-257"/>
              </Offset>
            </Anchor>
          </Anchors>
        </Texture>
        <FontString name="ArmoryPetNameText" inherits="GameFontHighlight">
          <Size>
            <AbsDimension x="240" y="16"/>
          </Size>
          <Anchors>
            <Anchor point="CENTER">
              <Offset>
                <AbsDimension x="6" y="232"/>
              </Offset>
            </Anchor>
          </Anchors>
        </FontString>
        <FontString name="ArmoryPetLevelText" inherits="GameFontNormalSmall" text="Level level race class">
          <Anchors>
            <Anchor point="TOP" relativeTo="ArmoryPetNameText" relativePoint="BOTTOM">
              <Offset>
                <AbsDimension x="0" y="-6"/>
              </Offset>
            </Anchor>
          </Anchors>
        </FontString>
        <FontString name="ArmoryPetTalentPointText" inherits="GameFontHighlightSmall" text="0">
          <Anchors>
            <Anchor point="BOTTOMRIGHT">
              <Offset>
                <AbsDimension x="-55" y="86"/>
              </Offset>
            </Anchor>
          </Anchors>
        </FontString>
        <FontString name="ArmoryPetTalentPointLabel" inherits="GameFontNormalSmall" text="TALENT_POINTS">
          <Anchors>
            <Anchor point="RIGHT" relativeTo="ArmoryPetTalentPointText" relativePoint="LEFT">
              <Offset>
                <AbsDimension x="-5" y="0"/>
              </Offset>
            </Anchor>
          </Anchors>
        </FontString>
      </Layer>
    </Layers>
    <Frames>
      <Button name="ArmoryPetFrameTab1" inherits="ArmoryPetTabTemplate" id="1" text="PET_INFO">
        <Anchors>
          <Anchor point="TOPLEFT">
            <Offset>
              <AbsDimension x="70" y="-49"/>
            </Offset>
          </Anchor>
        </Anchors>
        <Scripts>
          <OnLoad>
            PanelTemplates_TabResize(self, 0);
            PanelTemplates_SelectTab(self);
          </OnLoad>
        </Scripts>
      </Button>
      <Button name="ArmoryPetFrameTab2" inherits="ArmoryPetTabTemplate" id="2" text="TALENTS">
        <Anchors>
          <Anchor point="LEFT" relativeTo="ArmoryPetFrameTab1" relativePoint="RIGHT">
            <Offset>
              <AbsDimension x="-7" y="0"/>
            </Offset>
          </Anchor>
        </Anchors>
        <Scripts>
          <OnLoad>
            PanelTemplates_TabResize(self, 0);
          </OnLoad>
          <OnShow>
            PanelTemplates_DeselectTab(self);
          </OnShow>
        </Scripts>
      </Button>
      <CheckButton name="ArmoryPetFramePet1" inherits="ArmoryPetSlotTemplate" id="1">
        <Anchors>
          <Anchor point="BOTTOMLEFT">
            <Offset>
              <AbsDimension x="45" y="150"/>
            </Offset>
          </Anchor>
        </Anchors>
      </CheckButton>
      <CheckButton name="ArmoryPetFramePet2" inherits="ArmoryPetSlotTemplate" id="2">
        <Anchors>
          <Anchor point="LEFT" relativeTo="ArmoryPetFramePet1" relativePoint="RIGHT">
            <Offset>
              <AbsDimension x="22" y="0"/>
            </Offset>
          </Anchor>
        </Anchors>
      </CheckButton>
      <CheckButton name="ArmoryPetFramePet3" inherits="ArmoryPetSlotTemplate" id="3">
        <Anchors>
          <Anchor point="LEFT" relativeTo="ArmoryPetFramePet2" relativePoint="RIGHT">
            <Offset>
              <AbsDimension x="22" y="0"/>
            </Offset>
          </Anchor>
        </Anchors>
      </CheckButton>
      <CheckButton name="ArmoryPetFramePet4" inherits="ArmoryPetSlotTemplate" id="4">
        <Anchors>
          <Anchor point="LEFT" relativeTo="ArmoryPetFramePet3" relativePoint="RIGHT">
            <Offset>
              <AbsDimension x="22" y="0"/>
            </Offset>
          </Anchor>
        </Anchors>
      </CheckButton>
      <CheckButton name="ArmoryPetFramePet5" inherits="ArmoryPetSlotTemplate" id="5">
        <Anchors>
          <Anchor point="LEFT" relativeTo="ArmoryPetFramePet4" relativePoint="RIGHT">
            <Offset>
              <AbsDimension x="22" y="0"/>
            </Offset>
          </Anchor>
        </Anchors>
      </CheckButton>
      <Button name="ArmoryPetFrameNextPageButton" inherits="UIPanelSquareButton">
        <Anchors>
          <Anchor point="BOTTOMLEFT" relativePoint="BOTTOM" x="40" y="105"/>
        </Anchors>
        <Scripts>
          <OnLoad>
            SquareButton_SetIcon(self, "RIGHT");
          </OnLoad>
          <OnClick>
            self:SetButtonState("NORMAL");
            ArmoryPetFrame_NextPage();
          </OnClick>
        </Scripts>
      </Button>
      <Button name="ArmoryPetFramePrevPageButton" inherits="UIPanelSquareButton">
        <Anchors>
          <Anchor point="BOTTOMRIGHT" relativePoint="BOTTOM" x="-40" y="105"/>
        </Anchors>
        <Layers>
          <Layer level="OVERLAY">
            <FontString name="ArmoryPetFrameCurrentPage" inherits="GameFontHighlightSmallOutline">
              <Anchors>
                <Anchor point="LEFT" relativePoint="RIGHT"/>
                <Anchor point="RIGHT" relativeTo="ArmoryPetFrameNextPageButton" relativePoint="LEFT"/>
              </Anchors>
            </FontString>
          </Layer>
        </Layers>
        <Scripts>
          <OnLoad>
            SquareButton_SetIcon(self, "LEFT");
          </OnLoad>
          <OnClick>
            self:SetButtonState("NORMAL");
            ArmoryPetFrame_PrevPage();
          </OnClick>
        </Scripts>
      </Button>
    </Frames>
    <Scripts>
      <OnLoad>
        ArmoryPetFrame_OnLoad(self);
      </OnLoad>
      <OnEvent>
        ArmoryPetFrame_OnEvent(self, event, ...);
      </OnEvent>
      <OnShow>
        ArmoryPetFrame_OnShow(self);
      </OnShow>
      <OnHide>
        ArmoryPetFrame_OnHide(self);
      </OnHide>
      <OnMouseUp>
        ArmoryChildWindow_OnMouseUp(self, button);
      </OnMouseUp>
      <OnMouseDown>
        ArmoryChildWindow_OnMouseDown(self, button);
      </OnMouseDown>
    </Scripts>
  </Frame>
</Ui>