<!-- Revision: 474 2012-02-28T19:59:37Z -->
<Ui xmlns="http://www.blizzard.com/wow/ui/" xmlns:xsi="http://www.w3.org/2001/XMLSchema-instance" xsi:schemaLocation="http://www.blizzard.com/wow/ui/
..\..\..\FrameXML\UI.xsd">
  <Script file="ArmoryRaidInfoFrame.lua"/>
  <Button name="ArmoryRaidInfoInstanceTemplate" virtual="true">
    <Size>
      <AbsDimension x="300" y="30"/>
    </Size>
    <Layers>
      <Layer level="BACKGROUND">
        <FontString name="$parentName" inherits="GameFontNormal" justifyH="LEFT" parentKey="name">
          <Size>
            <AbsDimension x="150" y="1"/>
          </Size>
          <Anchors>
            <Anchor point="TOPLEFT">
              <Offset>
                <AbsDimension x="5" y="-10"/>
              </Offset>
            </Anchor>
          </Anchors>
        </FontString>
        <FontString name="$parentDifficulty" inherits="GameFontHighlightSmall" justifyH="LEFT" parentKey="difficulty">
          <Size>
            <AbsDimension x="160" y="1"/>
          </Size>
          <Anchors>
            <Anchor point="TOPLEFT" relativeTo="$parentName" relativePoint="BOTTOMLEFT">
              <Offset>
                <AbsDimension x="10" y="-10"/>
              </Offset>
            </Anchor>
            <Anchor point="TOPRIGHT" relativeTo="$parentName" relativePoint="BOTTOMRIGHT">
              <Offset>
                <AbsDimension x="0" y="-10"/>
              </Offset>
            </Anchor>
          </Anchors>
        </FontString>
        <FontString name="$parentReset" inherits="GameFontHighlightSmall" justifyH="RIGHT" parentKey="reset">
          <Size>
            <AbsDimension x="150" y="1"/>
          </Size>
          <Anchors>
            <Anchor point="TOPRIGHT">
              <Offset>
                <AbsDimension x="0" y="-11"/>
              </Offset>
            </Anchor>
          </Anchors>
        </FontString>
        <FontString name="$parentExtended" inherits="GameFontHighlightSmall" text="EXTENDED" justifyH="RIGHT" parentKey="extended">
          <Size>
            <AbsDimension x="150" y="1"/>
          </Size>
          <Anchors>
            <Anchor point="TOPLEFT" relativeTo="$parentReset" relativePoint="BOTTOMLEFT">
              <Offset>
                <AbsDimension x="0" y="-10"/>
              </Offset>
            </Anchor>
            <Anchor point="TOPRIGHT" relativeTo="$parentReset" relativePoint="BOTTOMRIGHT">
              <Offset>
                <AbsDimension x="0" y="-10"/>
              </Offset>
            </Anchor>
          </Anchors>
        </FontString>
      </Layer>
    </Layers>
    <Scripts>
      <OnEnter>
        ArmoryRaidInfoInstance_OnEnter(self);
      </OnEnter>
      <OnLeave>
        GameTooltip:Hide();
      </OnLeave>
    </Scripts>
    <NormalTexture/>
    <HighlightTexture file="Interface\QuestFrame\UI-QuestTitleHighlight" alphaMode="ADD">
      <Anchors>
        <Anchor point="TOPLEFT">
          <Offset>
            <AbsDimension x="-10" y="-2"/>
          </Offset>
        </Anchor>
        <Anchor point="BOTTOMRIGHT">
          <Offset>
            <AbsDimension x="10" y="-2"/>
          </Offset>
        </Anchor>
      </Anchors>
    </HighlightTexture>
  </Button>
  <Texture name="ArmoryCapBarDividerTemplate" file="Interface\GuildFrame\GuildFrame" virtual="true">
    <Size x="7" y="14"/>
    <TexCoords left="0.41601563" right="0.42285156" top="0.91796875" bottom="0.94531250"/>
  </Texture>
  <Frame name="ArmoryRaidInfoFrame" enableMouse="true" movable="true" parent="ArmoryOtherFrame" hidden="true" id="3">
    <Size>
      <AbsDimension x="345" y="372"/>
    </Size>
    <Anchors>
      <Anchor point="TOPLEFT">
        <Offset>
          <AbsDimension x="12" y="-68"/>
        </Offset>
      </Anchor>
    </Anchors>
    <Layers>
      <Layer level="BACKGROUND" textureSubLevel="1">
        <Texture name="$parentTopBg" file="Interface\FrameGeneral\UI-Background-Rock" horizTile="true" vertTile="true">
          <Anchors>
            <Anchor point="TOPLEFT" x="10" y="-5"/>
            <Anchor point="BOTTOMRIGHT" relativePoint="TOPRIGHT" x="-12" y="-55"/>
          </Anchors>
        </Texture>
      </Layer>
    </Layers>
    <Frames>
      <Frame name="$parentCapBar">
        <Size>
          <AbsDimension x="254" y="20"/>
        </Size>
        <Anchors>
          <Anchor point="TOP" x="0" y="-25"/>
        </Anchors>
        <Layers>
          <Layer level="BORDER">
            <Texture name="$parentLeft" file="Interface\GuildFrame\GuildFrame">
              <Size x="18" y="18"/>
              <Anchors>
                <Anchor point="BOTTOMLEFT" relativeTo="$parent" relativePoint="BOTTOMLEFT" x="0" y="0"/>
              </Anchors>
              <TexCoords left="0.60742188" right="0.62500000" top="0.78710938" bottom="0.82226563"/>
            </Texture>
            <Texture name="$parentRight" file="Interface\GuildFrame\GuildFrame">
              <Size x="18" y="18"/>
              <Anchors>
                <Anchor point="BOTTOMRIGHT" relativeTo="$parent" relativePoint="BOTTOMRIGHT" x="0" y="0"/>
              </Anchors>
              <TexCoords left="0.60742188" right="0.62500000" top="0.82617188" bottom="0.86132813"/>
            </Texture>
            <Texture name="$parentMiddle" file="Interface\GuildFrame\GuildFrame">
              <Anchors>
                <Anchor point="TOPLEFT" relativeTo="$parentLeft" relativePoint="TOPRIGHT" x="0" y="0"/>
                <Anchor point="BOTTOMRIGHT" relativeTo="$parentRight" relativePoint="BOTTOMLEFT" x="0" y="0"/>
              </Anchors>
              <TexCoords left="0.60742188" right="0.62500000" top="0.74804688" bottom="0.78320313"/>
            </Texture>
          </Layer>
          <Layer level="BACKGROUND">
            <Texture name="$parentBG" file="Interface\GuildFrame\GuildFrame">
              <Size x="0" y="14"/>
              <Anchors>
                <Anchor point="LEFT" relativeTo="$parentLeft" relativePoint="LEFT" x="0" y="0"/>
                <Anchor point="RIGHT" relativeTo="$parentRight" relativePoint="RIGHT" x="0" y="0"/>
              </Anchors>
              <TexCoords left="0.39843750" right="0.41210938" top="0.96875000" bottom="0.99609375"/>
            </Texture>
          </Layer>
          <Layer level="BACKGROUND" textureSubLevel="1">
            <Texture name="$parentProgress" urgency="5" file="Interface\TargetingFrame\UI-StatusBar" parentKey="progress">
              <Size x="1" y="14"/>
              <Anchors>
                <Anchor point="LEFT" relativeTo="$parentLeft" relativePoint="LEFT" x="1" y="0"/>
              </Anchors>
              <Color r="0.4706" g="0.2627" b="0.8588"/>
            </Texture>
            <Texture name="$parentShadow" file="Interface\GuildFrame\GuildFrame" parentKey="shadow">
              <Size x="9" y="14"/>
              <Anchors>
                <Anchor point="LEFT" relativeTo="$parentProgress" relativePoint="RIGHT" x="0" y="0"/>
              </Anchors>
              <TexCoords left="0.41601563" right="0.42480469" top="0.88671875" bottom="0.91406250"/>
            </Texture>
            <Texture name="$parentCap1" urgency="5" file="Interface\TargetingFrame\UI-StatusBar" parentKey="cap1">
              <Size x="20" y="14"/>
              <Anchors>
                <Anchor point="LEFT" relativeTo="$parentProgress" relativePoint="RIGHT" x="0" y="0"/>
              </Anchors>
              <Color r="0.4863" g="0.5529" b="0.6353" a="0.3"/>
            </Texture>
            <Texture name="$parentCap2" urgency="5" file="Interface\TargetingFrame\UI-StatusBar" parentKey="cap2">
              <Size x="20" y="14"/>
              <Anchors>
                <Anchor point="LEFT" relativeTo="$parentCap1" relativePoint="RIGHT" x="0" y="0"/>
              </Anchors>
              <Color r="0.8588" g="0.5961" b="0.2627" a="0.3"/>
            </Texture>
          </Layer>
          <Layer level="ARTWORK">
            <FontString name="$parentLabel" inherits="GameFontNormalSmall" parentKey="label">
              <Anchors>
                <Anchor point="BOTTOM" relativeTo="$parent" relativePoint="TOP"/>
              </Anchors>
            </FontString>
          </Layer>
          <Layer level="ARTWORK" textureSubLevel="1">
            <FontString name="$parentText" inherits="GameFontHighlightSmall">
              <Anchors>
                <Anchor point="BOTTOM" x="0" y="4"/>
              </Anchors>
            </FontString>
          </Layer>
        </Layers>
        <Frames>
          <Frame name="$parentCap1Marker" parentKey="cap1Marker" id="1">
            <Size x="9" y="20"/>
            <Anchors>
              <Anchor point="LEFT" relativeTo="$parentCap1" relativePoint="RIGHT" x="-4" y="0"/>
            </Anchors>
            <Layers>
              <Layer level="ARTWORK">
                <Texture name="$parentTexture" file="Interface\GuildFrame\GuildFrame" parentKey="tex" >
                  <TexCoords left="0.38378906" right="0.39257813" top="0.95898438" bottom="0.99804688"/>
                </Texture>
              </Layer>
            </Layers>
            <Scripts>
              <OnEnter function="ArmoryRaidInfoFrameCapBarCapMarker_OnEnter"/>
              <OnLeave function="GameTooltip_Hide"/>
            </Scripts>
          </Frame>
          <Frame name="$parentCap2Marker" parentKey="cap2Marker" id="2">
            <Size x="9" y="20"/>
            <Anchors>
              <Anchor point="LEFT" relativeTo="$parentCap2" relativePoint="RIGHT" x="-4" y="0"/>
            </Anchors>
            <Layers>
              <Layer level="ARTWORK">
                <Texture name="$parentTexture" file="Interface\GuildFrame\GuildFrame" parentKey="tex" >
                  <TexCoords left="0.38378906" right="0.39257813" top="0.95898438" bottom="0.99804688"/>
                  <Color r="1.0" g="0.7567" b="0.0" a="1"/>
                </Texture>
              </Layer>
            </Layers>
            <Scripts>
              <OnEnter function="ArmoryRaidInfoFrameCapBarCapMarker_OnEnter"/>
              <OnLeave function="GameTooltip_Hide"/>
            </Scripts>
          </Frame>
        </Frames>
        <Scripts>
          <OnLoad function="ArmoryRaidInfoFrameCapBar_OnLoad"/>
          <OnEnter function="ArmoryRaidInfoFrameCapBar_OnEnter"/>
          <OnLeave function="GameTooltip_Hide"/>
        </Scripts>
      </Frame>
      <ScrollFrame name="ArmoryRaidInfoScrollFrame" inherits="HybridScrollFrameTemplate">
        <Size>
          <AbsDimension x="305" y="302"/>
        </Size>
        <Anchors>
          <Anchor point="TOPLEFT">
            <Offset x="16" y="-58"/>
          </Anchor>
        </Anchors>
        <Frames>
          <Slider name="$parentScrollBar" inherits="HybridScrollBarTemplate" parentKey="scrollBar">
            <Anchors>
              <Anchor point="TOPLEFT" relativePoint="TOPRIGHT">
                <Offset x="0" y="-13"/>
              </Anchor>
              <Anchor point="BOTTOMLEFT" relativePoint="BOTTOMRIGHT">
                <Offset x="0" y="14"/>
              </Anchor>
            </Anchors>
            <Scripts>
              <OnShow>
                local parent = self:GetParent();
                parent:SetWidth(295);
                for _, frame in pairs(parent.buttons) do
                  frame:SetWidth(275);
                  frame.name:SetWidth(120);
                end
              </OnShow>
              <OnHide>
                local parent = self:GetParent();
                parent:SetWidth(310);
                for _, frame in pairs(parent.buttons) do
                  frame:SetWidth(305);
                  frame.name:SetWidth(150);
                end
              </OnHide>
            </Scripts>
          </Slider>
        </Frames>
        <Scripts>
          <OnLoad>
            ArmoryRaidInfoScrollFrame_OnLoad(self);
          </OnLoad>
        </Scripts>
      </ScrollFrame>
    </Frames>
    <Scripts>
      <OnLoad>
        ArmoryRaidInfoFrame_OnLoad(self);
      </OnLoad>
      <OnEvent>
        ArmoryRaidInfoFrame_OnEvent(self, event, ...);
      </OnEvent>
      <OnShow>
        ArmoryRaidInfoFrame_OnShow(self);
      </OnShow>
      <OnMouseUp>
        ArmoryChildWindow_OnMouseUp(self, button);
      </OnMouseUp>
      <OnMouseDown>
        ArmoryChildWindow_OnMouseDown(self, button);
      </OnMouseDown>
    </Scripts>
  </Frame>
</Ui>