<!-- Revision: 336 2010-10-09T15:48:49Z -->
<Ui xmlns="http://www.blizzard.com/wow/ui/" xmlns:xsi="http://www.w3.org/2001/XMLSchema-instance" xsi:schemaLocation="http://www.blizzard.com/wow/ui/
..\..\..\FrameXML\UI.xsd">
  <Script file="ArmoryGlyphFrame.lua"/>
  <Button name="ArmoryGlyphTemplate" virtual="true">
    <Size>
      <AbsDimension x="72" y="72"/>
    </Size>
    <Layers>
      <Layer level="BACKGROUND">
        <Texture name="$parentGlyph" parentKey="glyph">
          <Size x="57" y="57"/>
          <Anchors>
            <Anchor point="CENTER">
              <Offset x="0" y="0"/>
            </Anchor>
          </Anchors>
        </Texture>
      </Layer>
      <Layer level="OVERLAY">
        <Texture name="$parentRing" file="Interface\Spellbook\UI-GlyphFrame" parentKey="ring">
          <Anchors>
            <Anchor point="CENTER">
              <Offset x="0" y="0"/>
            </Anchor>
          </Anchors>
        </Texture>
      </Layer>
    </Layers>
    <Scripts>
      <OnLoad>
        ArmoryGlyphFrameGlyph_OnLoad(self);
      </OnLoad>
      <OnShow>
        ArmoryGlyphFrameGlyph_UpdateSlot(self);
      </OnShow>
      <OnClick>
        ArmoryGlyphFrameGlyph_OnClick(self, button);
      </OnClick>
      <OnEnter>
        ArmoryGlyphFrameGlyph_OnEnter(self);
      </OnEnter>
      <OnLeave>
        ArmoryGlyphFrameGlyph_OnLeave(self);
      </OnLeave>
    </Scripts>
  </Button>
  <Frame name="ArmoryGlyphFrame" parent="ArmorySpellBookFrame" hidden="true">
    <Size x="384" y="512"/>
    <Anchors>
      <Anchor point="TOPLEFT">
        <Offset x="0" y="0"/>
      </Anchor>
    </Anchors>
    <HitRectInsets>
      <AbsInset left="0" right="30" top="0" bottom="70"/>
    </HitRectInsets>
    <Layers>
      <Layer level="BACKGROUND">
        <Texture file="Interface\PaperDollInfoFrame\UI-Character-General-TopLeft">
          <Size>
            <AbsDimension x="256" y="256"/>
          </Size>
          <Anchors>
            <Anchor point="TOPLEFT">
              <Offset>
                <AbsDimension x="2" y="-1"/>
              </Offset>
            </Anchor>
          </Anchors>
        </Texture>
        <Texture file="Interface\PaperDollInfoFrame\UI-Character-General-TopRight">
          <Size>
            <AbsDimension x="128" y="256"/>
          </Size>
          <Anchors>
            <Anchor point="TOPLEFT">
              <Offset>
                <AbsDimension x="258" y="-1"/>
              </Offset>
            </Anchor>
          </Anchors>
        </Texture>
        <Texture file="Interface\PaperDollInfoFrame\UI-Character-General-BottomLeft">
          <Size>
            <AbsDimension x="256" y="256"/>
          </Size>
          <Anchors>
            <Anchor point="TOPLEFT">
              <Offset>
                <AbsDimension x="2" y="-257"/>
              </Offset>
            </Anchor>
          </Anchors>
        </Texture>
        <Texture file="Interface\PaperDollInfoFrame\UI-Character-General-BottomRight">
          <Size>
            <AbsDimension x="128" y="256"/>
          </Size>
          <Anchors>
            <Anchor point="TOPLEFT">
              <Offset>
                <AbsDimension x="258" y="-257"/>
              </Offset>
            </Anchor>
          </Anchors>
        </Texture>
        <Texture file="Interface\Spellbook\Spellbook-Icon">
          <Size x="58" y="58"/>
          <Anchors>
            <Anchor point="TOPLEFT">
              <Offset x="10" y="-8"/>
            </Anchor>
          </Anchors>
        </Texture>
      </Layer>
      <Layer level="ARTWORK">
        <FontString name="$parentTitleText" inherits="GameFontNormal" text="GLYPHS">
          <Anchors>
            <Anchor point="CENTER">
              <Offset x="6" y="230"/>
            </Anchor>
          </Anchors>
        </FontString>
        <Texture name="$parentBackground" file="Interface\Spellbook\UI-GlyphFrame">
          <Size x="318" y="352"/>
          <Anchors>
            <Anchor point="TOPLEFT" x="23" y="-78"/>
          </Anchors>
          <TexCoords left="0.4461328" right="0.84" top="0.00097656" bottom="0.42382813"/>
        </Texture>
      </Layer>
    </Layers>
    <Frames>

      <!-- Minor Glyphs -->
      <Button name="$parentGlyph2" inherits="ArmoryGlyphTemplate" id="2">
        <Anchors>
          <Anchor point="CENTER" x="-10" y="38"/>
        </Anchors>
      </Button>
      <Button name="$parentGlyph3" inherits="ArmoryGlyphTemplate" id="3">
        <Anchors>
          <Anchor point="CENTER" x="-48" y="-30"/>
        </Anchors>
      </Button>
      <Button name="$parentGlyph5" inherits="ArmoryGlyphTemplate" id="5">
        <Anchors>
          <Anchor point="CENTER" x="27" y="-30"/>
        </Anchors>
      </Button>

      <!-- Major Glyphs -->
      <Button name="$parentGlyph1" inherits="ArmoryGlyphTemplate" id="1">
        <Anchors>
          <Anchor point="CENTER" x="77" y="45"/>
        </Anchors>
      </Button>
      <Button name="$parentGlyph4" inherits="ArmoryGlyphTemplate" id="4">
        <Anchors>
          <Anchor point="CENTER" x="-99" y="45"/>
        </Anchors>
      </Button>
      <Button name="$parentGlyph6" inherits="ArmoryGlyphTemplate" id="6">
        <Anchors>
          <Anchor point="CENTER" x="-10" y="-112"/>
        </Anchors>
      </Button>

      <!-- Prime Glyphs -->
      <Button name="$parentGlyph7" inherits="ArmoryGlyphTemplate" id="7">
        <Anchors>
          <Anchor point="CENTER" x="-10" y="135"/>
        </Anchors>
      </Button>
      <Button name="$parentGlyph8" inherits="ArmoryGlyphTemplate" id="8">
        <Anchors>
          <Anchor point="CENTER" x="-132" y="-78"/>
        </Anchors>
      </Button>
      <Button name="$parentGlyph9" inherits="ArmoryGlyphTemplate" id="9">
        <Anchors>
          <Anchor point="CENTER" x="110" y="-78"/>
        </Anchors>
      </Button>

    </Frames>
    <Scripts>
      <OnLoad>
        ArmoryGlyphFrame_OnLoad(self);
      </OnLoad>
      <OnShow>
        ArmoryGlyphFrame_OnShow(self);
      </OnShow>
      <OnEvent>
        ArmoryGlyphFrame_OnEvent(self, event, ...);
      </OnEvent>
    </Scripts>
  </Frame>
</Ui>

