<!-- Revision: 420 2011-04-05T08:32:09Z -->
<Ui xmlns="http://www.blizzard.com/wow/ui/" xmlns:xsi="http://www.w3.org/2001/XMLSchema-instance" xsi:schemaLocation="http://www.blizzard.com/wow/ui/
..\..\..\FrameXML\UI.xsd">
  <Script file="ArmoryPetPaperDollFrame.lua"/>
  <Frame name="ArmoryPetPaperDollFrame" setAllPoints="true" movable="true" parent="ArmoryPetFrame" enableMouse="true" hidden="true">
    <HitRectInsets>
      <AbsInset left="0" right="30" top="0" bottom="75"/>
    </HitRectInsets>
    <Frames>
      <Frame name="ArmoryPetPaperDollPetInfo">
        <Size x="24" y="23"/>
        <Anchors>
          <Anchor point="TOPLEFT" x="65" y="-128"/>
        </Anchors>
        <Layers>
          <Layer level="BACKGROUND">
            <Texture file="Interface\PetPaperDollFrame\PetStable-DietIcon">
              <Size x="24" y="23"/>
              <TexCoords left="0" right="0.75" top="0" bottom="0.71875"/>
            </Texture>
            <FontString name="ArmoryPetDietText" justifyH="LEFT" inherits="GameFontNormalSmall" text="PET_DIET_TEMPLATE">
              <Anchors>
                <Anchor point="TOPLEFT">
                  <Offset>
                    <AbsDimension x="40" y="10"/>
                  </Offset>
                </Anchor>
                <Anchor point="BOTTOMRIGHT">
                  <Offset>
                    <AbsDimension x="212" y="-10"/>
                  </Offset>
                </Anchor>
              </Anchors>
            </FontString>
          </Layer>
        </Layers>
      </Frame>
      <Frame name="ArmoryPetAttributesFrame">
        <Size>
          <AbsDimension x="230" y="78"/>
        </Size>
        <Anchors>
          <Anchor point="TOPLEFT">
            <Offset>
              <AbsDimension x="67" y="-200"/>
            </Offset>
          </Anchor>
        </Anchors>
        <Layers>
          <Layer level="BACKGROUND">
            <Texture name="ArmoryPetStatTop" inherits="Char-Stat-Top" parentKey="BgTop">
              <Size x="230" y="10"/>
              <Anchors>
                <Anchor point="TOPLEFT"/>
              </Anchors>
            </Texture>
            <Texture name="ArmoryPetStatBottom" inherits="Char-Stat-Bottom" parentKey="BgBottom">
              <Size x="230" y="48"/>
              <Anchors>
                <Anchor point="BOTTOMLEFT"/>
              </Anchors>
            </Texture>
            <Texture name="ArmoryPetStatMiddle" file="Interface\CharacterFrame\Char-Stat-Middle" parentKey="BgMiddle" vertTile="true">
              <Size x="230" y="8"/>
              <Anchors>
                <Anchor point="TOPLEFT" relativeTo="ArmoryPetStatTop" relativePoint="BOTTOMLEFT" x="1"/>
                <Anchor point="BOTTOMLEFT" relativeTo="ArmoryPetStatBottom" relativePoint="TOPLEFT"/>
              </Anchors>
              <TexCoords left="0.00390625" right="0.66406250" top="0.00000000" bottom="1.00000000"/>
            </Texture>
          </Layer>
        </Layers>
        <Frames>
          <Frame name="ArmoryPetStatFrame1" inherits="ArmoryStatTemplate" id="1">
            <Anchors>
              <Anchor point="TOPLEFT">
                <Offset>
                  <AbsDimension x="10" y="-6"/>
                </Offset>
              </Anchor>
            </Anchors>
          </Frame>
          <Frame name="ArmoryPetStatFrame2" inherits="ArmoryStatTemplate" id="2">
            <Anchors>
              <Anchor point="TOPLEFT" relativeTo="ArmoryPetStatFrame1" relativePoint="BOTTOMLEFT">
                <Offset>
                  <AbsDimension x="0" y="0"/>
                </Offset>
              </Anchor>
            </Anchors>
          </Frame>
          <Frame name="ArmoryPetStatFrame3" inherits="ArmoryStatTemplate" id="3">
            <Anchors>
              <Anchor point="TOPLEFT" relativeTo="ArmoryPetStatFrame2" relativePoint="BOTTOMLEFT">
                <Offset>
                  <AbsDimension x="0" y="0"/>
                </Offset>
              </Anchor>
            </Anchors>
          </Frame>
          <Frame name="ArmoryPetStatFrame4" inherits="ArmoryStatTemplate" id="4">
            <Anchors>
              <Anchor point="TOPLEFT" relativeTo="ArmoryPetStatFrame3" relativePoint="BOTTOMLEFT">
                <Offset>
                  <AbsDimension x="0" y="0"/>
                </Offset>
              </Anchor>
            </Anchors>
          </Frame>
          <Frame name="ArmoryPetStatFrame5" inherits="ArmoryStatTemplate" id="5">
            <Anchors>
              <Anchor point="TOPLEFT" relativeTo="ArmoryPetStatFrame4" relativePoint="BOTTOMLEFT">
                <Offset>
                  <AbsDimension x="0" y="0"/>
                </Offset>
              </Anchor>
            </Anchors>
          </Frame>
          <Frame name="ArmoryPetStatFrame6" inherits="ArmoryStatTemplate" id="6">
            <Anchors>
              <Anchor point="TOPLEFT" relativeTo="ArmoryPetStatFrame5" relativePoint="BOTTOMLEFT">
                <Offset>
                  <AbsDimension x="0" y="0"/>
                </Offset>
              </Anchor>
            </Anchors>
          </Frame>
          <Frame name="ArmoryPetStatFrame7" inherits="ArmoryStatTemplate" id="7">
            <Anchors>
              <Anchor point="TOPLEFT" relativeTo="ArmoryPetStatFrame6" relativePoint="BOTTOMLEFT">
                <Offset>
                  <AbsDimension x="0" y="0"/>
                </Offset>
              </Anchor>
            </Anchors>
          </Frame>
          <Frame name="ArmoryPetStatFrame8" inherits="ArmoryStatTemplate" id="8">
            <Anchors>
              <Anchor point="TOPLEFT" relativeTo="ArmoryPetStatFrame7" relativePoint="BOTTOMLEFT">
                <Offset>
                  <AbsDimension x="0" y="0"/>
                </Offset>
              </Anchor>
            </Anchors>
          </Frame>
          <Frame name="ArmoryPetStatFrame9" inherits="ArmoryStatTemplate" id="9">
            <Anchors>
              <Anchor point="TOPLEFT" relativeTo="ArmoryPetStatFrame8" relativePoint="BOTTOMLEFT">
                <Offset>
                  <AbsDimension x="0" y="0"/>
                </Offset>
              </Anchor>
            </Anchors>
          </Frame>
          <Frame name="ArmoryPetStatFrameDropDown" inherits="ArmoryDropDownMenuTemplate" enableMouse="true">
            <Anchors>
              <Anchor point="BOTTOMLEFT" relativeTo="ArmoryPetStatTop" relativePoint="TOPLEFT">
                <Offset>
                  <AbsDimension x="-17" y="-8"/>
                </Offset>
              </Anchor>
            </Anchors>
            <Scripts>
              <OnLoad>
                ArmoryPetStatFrameDropDown_OnLoad(self);
              </OnLoad>
              <OnShow>
                ArmoryPetStatFrameDropDown_OnLoad(self);
              </OnShow>
            </Scripts>
          </Frame>
        </Frames>
      </Frame>
      <Frame name="ArmoryPetResistanceFrame">
        <Size>
          <AbsDimension x="160" y="32"/>
        </Size>
        <Anchors>
          <Anchor point="TOPRIGHT" relativePoint="TOPLEFT">
            <Offset>
              <AbsDimension x="365" y="-87"/>
            </Offset>
          </Anchor>
        </Anchors>
        <Frames>
          <Frame name="ArmoryPetMagicResFrame1" inherits="ArmoryMagicResistanceFrameTemplate" id="5">
            <Anchors>
              <Anchor point="TOP"/>
            </Anchors>
            <Layers>
              <Layer level="BACKGROUND">
                <Texture file="Interface\PaperDollInfoFrame\UI-Character-ResistanceIcons">
                  <TexCoords left="0" right="1.0" top="0.453125" bottom="0.56640625"/>
                </Texture>
              </Layer>
            </Layers>
          </Frame>
          <Frame name="ArmoryPetMagicResFrame2" inherits="ArmoryMagicResistanceFrameTemplate" id="4">
            <Anchors>
              <Anchor point="RIGHT" relativeTo="ArmoryPetMagicResFrame1" relativePoint="LEFT"/>
            </Anchors>
            <Layers>
              <Layer level="BACKGROUND">
                <Texture file="Interface\PaperDollInfoFrame\UI-Character-ResistanceIcons">
                  <TexCoords left="0" right="1.0" top="0.33984375" bottom="0.453125"/>
                </Texture>
              </Layer>
            </Layers>
          </Frame>
          <Frame name="ArmoryPetMagicResFrame3" inherits="ArmoryMagicResistanceFrameTemplate" id="3">
            <Anchors>
              <Anchor point="RIGHT" relativeTo="ArmoryPetMagicResFrame2" relativePoint="LEFT"/>
            </Anchors>
            <Layers>
              <Layer level="BACKGROUND">
                <Texture file="Interface\PaperDollInfoFrame\UI-Character-ResistanceIcons">
                  <TexCoords left="0" right="1.0" top="0.11328125" bottom="0.2265625"/>
                </Texture>
              </Layer>
            </Layers>
          </Frame>
          <Frame name="ArmoryPetMagicResFrame4" inherits="ArmoryMagicResistanceFrameTemplate" id="2">
            <Anchors>
              <Anchor point="RIGHT" relativeTo="ArmoryPetMagicResFrame3" relativePoint="LEFT"/>
            </Anchors>
            <Layers>
              <Layer level="BACKGROUND">
                <Texture file="Interface\PaperDollInfoFrame\UI-Character-ResistanceIcons">
                  <TexCoords left="0" right="1.0" top="0" bottom="0.11328125"/>
                </Texture>
              </Layer>
            </Layers>
          </Frame>
          <Frame name="ArmoryPetMagicResFrame5" inherits="ArmoryMagicResistanceFrameTemplate" id="6">
            <Anchors>
              <Anchor point="RIGHT" relativeTo="ArmoryPetMagicResFrame4" relativePoint="LEFT"/>
            </Anchors>
            <Layers>
              <Layer level="BACKGROUND">
                <Texture file="Interface\PaperDollInfoFrame\UI-Character-ResistanceIcons">
                  <TexCoords left="0" right="1.0" top="0.2265625" bottom="0.33984375"/>
                </Texture>
              </Layer>
            </Layers>
          </Frame>
        </Frames>
      </Frame>
    </Frames>
    <Scripts>
      <OnLoad>
        ArmoryPetPaperDollFrame_OnLoad(self);
      </OnLoad>
      <OnEvent>
        ArmoryPetPaperDollFrame_OnEvent(self, event, ...);
      </OnEvent>
      <OnShow>
        ArmoryBuffFrame_Update("pet");
      </OnShow>
      <OnHide>
        ArmoryBuffFrame_RemoveBuffs("pet");
      </OnHide>
      <OnMouseUp>
        ArmoryChildWindow_OnMouseUp(self, button);
      </OnMouseUp>
      <OnMouseDown>
        ArmoryChildWindow_OnMouseDown(self, button);
      </OnMouseDown>
      <OnMouseWheel>
        return;
      </OnMouseWheel>
    </Scripts>
  </Frame>
</Ui>