<!-- Revision: 336 2010-10-09T15:48:49Z -->
<Ui xmlns="http://www.blizzard.com/wow/ui/" xmlns:xsi="http://www.w3.org/2001/XMLSchema-instance" xsi:schemaLocation="http://www.blizzard.com/wow/ui/
..\..\..\FrameXML\UI.xsd">
  <Script file="ArmoryTokenFrame.lua"/>
  <Button name="ArmoryTokenButtonTemplate" virtual="true">
    <Size>
      <AbsDimension x="295" y="17"/>
    </Size>
    <Layers>
      <Layer level="BACKGROUND">
        <Texture name="$parentStripe" setAllPoints="true">
          <Color a=".08" r="1" g="1" b="1"/>
        </Texture>
      </Layer>
      <Layer level="BORDER">
        <Texture name="$parentIcon">
          <Size>
            <AbsDimension x="15" y="15"/>
          </Size>
          <Anchors>
            <Anchor point="RIGHT" >
              <Offset x="-20" y="0"/>
            </Anchor>
          </Anchors>
        </Texture>
        <FontString name="$parentCount" inherits="GameFontHighlightRight" text="100">
          <Anchors>
            <Anchor point="RIGHT" relativeTo="$parentIcon" relativePoint="LEFT">
              <Offset x="-5" y="0"/>
            </Anchor>
          </Anchors>
        </FontString>
        <FontString name="$parentName" inherits="GameFontHighlightLeft">
          <Size>
            <AbsDimension x="210" y="11"/>
          </Size>
          <Anchors>
            <Anchor point="LEFT">
              <Offset x="11" y="0"/>
            </Anchor>
          </Anchors>
        </FontString>
        <Texture name="$parentCheck" file="Interface\Buttons\UI-CheckBox-Check">
          <Size>
            <AbsDimension x="16" y="16"/>
          </Size>
          <Anchors>
            <Anchor point="RIGHT">
              <Offset x="-3" y="0"/>
            </Anchor>
          </Anchors>
        </Texture>
        <Texture name="$parentCategoryRight" file="Interface\TokenFrame\UI-TokenFrame-CategoryButton">
          <Size>
            <AbsDimension x="37" y="18"/>
          </Size>
          <Anchors>
            <Anchor point="RIGHT">
              <Offset x="0" y="0"/>
            </Anchor>
          </Anchors>
          <TexCoords left="0" right="0.14453125" top="0.296875" bottom="0.578125"/>
        </Texture>
        <Texture name="$parentCategoryLeft" file="Interface\TokenFrame\UI-TokenFrame-CategoryButton">
          <Size>
            <AbsDimension x="256" y="18"/>
          </Size>
          <Anchors>
            <Anchor point="LEFT">
              <Offset x="0" y="0"/>
            </Anchor>
            <Anchor point="RIGHT" relativeTo="$parentCategoryRight" relativePoint="LEFT">
              <Offset x="0" y="0"/>
            </Anchor>
          </Anchors>
          <TexCoords left="0" right="1" top="0" bottom="0.28125"/>
        </Texture>
      </Layer>
      <Layer level="ARTWORK">
        <Texture name="$parentExpandIcon" file="Interface\Buttons\UI-PlusMinus-Buttons">
          <Size>
            <AbsDimension x="7" y="7"/>
          </Size>
          <Anchors>
            <Anchor point="RIGHT">
              <Offset x="-8" y="0"/>
            </Anchor>
          </Anchors>
        </Texture>
      </Layer>
    </Layers>
    <Frames>
      <Frame enableMouse="true">
        <Anchors>
          <Anchor point="TOPLEFT" relativeTo="$parentIcon">
            <Offset x="0" y="0"/>
          </Anchor>
          <Anchor point="BOTTOMRIGHT" relativeTo="$parentIcon">
            <Offset x="0" y="0"/>
          </Anchor>
        </Anchors>
        <Scripts>
          <OnEnter>
            GameTooltip:SetOwner(self, "ANCHOR_RIGHT");
            Armory:SetCurrencyToken(self:GetParent().index);
          </OnEnter>
          <OnLeave>
            GameTooltip:Hide();
          </OnLeave>
          <OnClick>
            TokenButtonLinkButton_OnClick(self, button, down);
          </OnClick>
        </Scripts>
      </Frame>
    </Frames>
    <Scripts>
      <OnLoad>
        ArmoryTokenButton_OnLoad(self);
      </OnLoad>
      <OnClick>
        ArmoryTokenButton_OnClick(self);
      </OnClick>
    </Scripts>
    <ButtonText>
      <Anchors>
        <Anchor point="CENTER">
          <Offset>
            <AbsDimension x="0" y="0"/>
          </Offset>
        </Anchor>
      </Anchors>
    </ButtonText>
    <NormalFont style="GameFontNormal"/>
    <HighlightTexture name="$parentHighlight" file="Interface\TokenFrame\UI-TokenFrame-CategoryButton" alphaMode="ADD">
      <Anchors>
        <Anchor point="TOPLEFT">
          <Offset x="3" y="-2"/>
        </Anchor>
        <Anchor point="BOTTOMRIGHT">
          <Offset x="-3" y="2"/>
        </Anchor>
      </Anchors>
      <TexCoords left="0" right="1" top="0.609375" bottom="0.796875"/>
    </HighlightTexture>
  </Button>
  <Frame name="ArmoryTokenFrame" setAllPoints="true" enableMouse="true" movable="true" parent="ArmoryOtherFrame" hidden="true" id="4">
    <HitRectInsets>
      <AbsInset left="0" right="30" top="0" bottom="45"/>
    </HitRectInsets>
    <Frames>
      <ScrollFrame name="$parentContainer" inherits="HybridScrollFrameTemplate">
        <Size x="299" y="350"/>
        <Anchors>
          <Anchor point="TOPLEFT">
            <Offset>
              <AbsDimension x="26" y="-77"/>
            </Offset>
          </Anchor>
        </Anchors>
        <Frames>
          <Slider name="$parentScrollBar" inherits="HybridScrollBarTemplate">
            <Anchors>
              <Anchor point="TOPLEFT" relativePoint="TOPRIGHT">
                <Offset>
                  <AbsDimension x="0" y="-12"/>
                </Offset>
              </Anchor>
              <Anchor point="BOTTOMLEFT" relativePoint="BOTTOMRIGHT">
                <Offset>
                  <AbsDimension x="0" y="11"/>
                </Offset>
              </Anchor>
            </Anchors>
          </Slider>
        </Frames>
      </ScrollFrame>
    </Frames>
    <Scripts>
      <OnLoad>
        ArmoryTokenFrame_OnLoad(self);
      </OnLoad>
      <OnEvent>
        ArmoryTokenFrame_OnEvent(self, event, ...);
      </OnEvent>
      <OnShow>
        ArmoryTokenFrame_OnShow(self);
      </OnShow>
      <OnMouseUp>
        ArmoryChildWindow_OnMouseUp(self, button);
      </OnMouseUp>
      <OnMouseDown>
        ArmoryChildWindow_OnMouseDown(self, button);
      </OnMouseDown>
    </Scripts>
  </Frame>
 </Ui>
