<Ui xmlns="http://www.blizzard.com/wow/ui/" xmlns:xsi="http://www.w3.org/2001/XMLSchema-instance" xsi:schemaLocation="http://www.blizzard.com/wow/ui/
..\FrameXML\UI.xsd">

<Script file="libs\LibStub\LibStub.lua"/>
<Include file="libs\CallbackHandler-1.0\CallbackHandler-1.0.xml"/> 
<Include file="libs\AceGUI-3.0\AceGUI-3.0.xml"/> 
<Include file="libs\AceConfig-3.0\AceConfig-3.0.xml"/> 
<Include file="libs\LibTalentQuery-1.0\lib.xml"/>
<Include file="libs\LibSink-2.0\LibSink-2.0\lib.xml"/>
<Include file="libs\AceLocale-3.0\AceLocale-3.0.xml"/>
<Include file="libs\LibSharedMedia-3.0\lib.xml"/>
<Include file="libs\AceGUI-3.0-SharedMediaWidgets\widget.xml"/>
<Include file="libs\LibMapData-1.0\library.lua"/>
</Ui>