<Ui xmlns="http://www.blizzard.com/wow/ui/" xmlns:xsi="http://www.w3.org/2001/XMLSchema-instance" xsi:schemaLocation="http://www.blizzard.com/wow/ui/
..\FrameXML\UI.xsd">
<!--@debug@
<Script file="modules\SkadaThreat\Threat.lua"/>
<Script file="modules\SkadaDamage\Damage.lua"/>
<Script file="modules\SkadaHealing\Healing.lua"/>
<Script file="modules\SkadaHealing\Overhealing.lua"/>
<Script file="modules\SkadaHealing\TotalHealing.lua"/>
<Script file="modules\SkadaDamageTaken\DamageTaken.lua"/>
<Script file="modules\SkadaDeaths\Deaths.lua"/>
<Script file="modules\SkadaDebuffs\Debuffs.lua"/>
<Script file="modules\SkadaDispels\Dispels.lua"/>
<Script file="modules\SkadaDispels\Interrupts.lua"/>
<Script file="modules\SkadaEnemies\Enemies.lua"/>
<Script file="modules\SkadaPower\Power.lua"/>
<Script file="modules\SkadaCC\CC.lua"/>
@end-debug@--> 
</Ui>