<!-- Revision: 598 2013-09-26T20:28:29Z -->
<Ui xmlns="http://www.blizzard.com/wow/ui/" xmlns:xsi="http://www.w3.org/2001/XMLSchema-instance" xsi:schemaLocation="http://www.blizzard.com/wow/ui/
..\..\..\FrameXML\UI.xsd">
  <Script file="ArmoryTradeSkillFrame.lua"/>
  <Button name="ArmoryTradeSkillSkillButtonTemplate" hidden="false" virtual="true">
    <Size x="293" y="16"/>
    <Layers>
      <Layer level="BACKGROUND">
        <FontString name="$parentSubText" inherits="GameFontNormalSmall" justifyH="LEFT"/>
      </Layer>
      <Layer level="OVERLAY">
        <FontString name="$parentCount" inherits="GameFontNormal" parentKey="count">
          <Size x="0" y="13"/>
          <Anchors>
            <Anchor point="LEFT" x="0" y="0"/>
          </Anchors>
        </FontString>
      </Layer>
    </Layers>
    <Frames>
      <Button name="$parentNumSkillUps" parentKey="skillup">
        <Size x="26" y="16"/>
        <Anchors>
          <Anchor point="RIGHT" x="-2" y="0"/>
        </Anchors>
        <Layers>
          <Layer level="OVERLAY">
            <Texture name="$parentIcon" file="Interface\TradeSkillFrame\UI-TradeSkill-Multiskill" parentKey="icon">
              <Size x="16" y="16"/>
              <Anchors>
                <Anchor point="RIGHT" x="0" y="-1"/>
              </Anchors>
            </Texture>
            <FontString name="$parentText" inherits="GameFontNormal" parentKey="countText">
              <Size x="0" y="13"/>
              <Anchors>
                <Anchor point="RIGHT" relativeTo="$parentIcon" relativePoint="LEFT" x="0" y="1"/>
              </Anchors>
            </FontString>
          </Layer>
        </Layers>
        <Scripts>
          <OnClick>
            self:GetParent():Click(button);
          </OnClick>
          <OnEnter>
            GameTooltip:SetOwner(self, "ANCHOR_RIGHT");
            GameTooltip:AddLine(string.format(SKILLUP_TOOLTIP, self.countText:GetText()), NORMAL_FONT_COLOR.r, NORMAL_FONT_COLOR.g, NORMAL_FONT_COLOR.b, 1, 1);
            GameTooltip:Show();
            ArmoryTradeSkillFrameButton_OnEnter(self:GetParent());
          </OnEnter>
          <OnLeave>
            GameTooltip:Hide();
            ArmoryTradeSkillFrameButton_OnLeave(self:GetParent());
          </OnLeave>
        </Scripts>
      </Button>
      <StatusBar name="$parentSubSkillRankBar" parentKey="SubSkillRankBar" drawLayer="BACKGROUND" minValue="0" maxValue="1" defaultValue="1">
        <Size x="58" y="14"/>
        <Anchors>
          <Anchor point="RIGHT" x="0" y="0"/>
        </Anchors>
        <Layers>
          <Layer level="ARTWORK">
            <Texture parentKey="BorderLeft" file="Interface\PaperDollInfoFrame\UI-Character-Skills-BarBorder">
              <Size x="9" y="18"/>
              <TexCoords left="0.007843" right="0.043137" top="0.193548" bottom="0.774193"/>
              <Anchors>
                <Anchor point="LEFT" x="-2" y="0"/>
              </Anchors>
            </Texture>
            <Texture parentKey="BorderRight" file="Interface\PaperDollInfoFrame\UI-Character-Skills-BarBorder">
              <Size x="9" y="18"/>
              <TexCoords left="0.043137" right="0.007843" top="0.193548" bottom="0.774193"/>
              <Anchors>
                <Anchor point="RIGHT" x="2" y="0"/>
              </Anchors>
            </Texture>
            <Texture parentKey="BorderMid" file="Interface\PaperDollInfoFrame\UI-Character-Skills-BarBorder">
              <TexCoords left="0.113726" right="0.1490196" top="0.193548" bottom="0.774193"/>
              <Anchors>
                <Anchor point="TOPLEFT" relativeKey="$parent.BorderLeft" relativePoint="TOPRIGHT"/>
                <Anchor point="BOTTOMRIGHT" relativeKey="$parent.BorderRight" relativePoint="BOTTOMLEFT"/>
              </Anchors>
            </Texture>
            <FontString parentKey="Rank" inherits="GameFontHighlightSmall">
              <Anchors>
                <Anchor point="CENTER"/>
              </Anchors>
            </FontString>
          </Layer>
        </Layers>
        <BarTexture file="Interface\PaperDollInfoFrame\UI-Character-Skills-Bar"/>
        <BarColor r=".25" g=".25" b=".75"/>
      </StatusBar>
    </Frames>
    <Scripts>
      <OnClick>
        if ( IsModifiedClick() ) then
          HandleModifiedItemClick(Armory:GetTradeSkillRecipeLink(self:GetID()));
        else
          ArmoryTradeSkillSkillButton_OnClick(self, button);
        end
      </OnClick>
      <OnLoad>
        _G[self:GetName().."Count"]:SetPoint("LEFT", self:GetName().."Text", "RIGHT", 2, 0);
      </OnLoad>
      <OnEnter>
        ArmoryTradeSkillFrameButton_OnEnter(self);
      </OnEnter>
      <OnLeave>
        ArmoryTradeSkillFrameButton_OnLeave(self);
      </OnLeave>
    </Scripts>
    <NormalTexture file="Interface\Buttons\UI-MinusButton-UP">
      <Size x="16" y="16"/>
      <Anchors>
        <Anchor point="LEFT" x="3" y="0"/>
      </Anchors>
    </NormalTexture>
    <HighlightTexture name="$parentHighlight" file="Interface\Buttons\UI-PlusButton-Hilight" alphaMode="ADD">
      <Size x="16" y="16"/>
      <Anchors>
        <Anchor point="LEFT" x="3" y="0"/>
      </Anchors>
    </HighlightTexture>
    <DisabledTexture file="Interface\Buttons\UI-PlusButton-Disabled">
      <Size x="16" y="16"/>
      <Anchors>
        <Anchor point="LEFT" x="3" y="0"/>
      </Anchors>
    </DisabledTexture>
    <ButtonText name="$parentText" parentKey="text" wordwrap="false">
      <Size x="270" y="13"/>
      <Anchors>
        <Anchor point="LEFT" relativeTo="$parentHighlight" relativePoint="RIGHT" x="2" y="1"/>
      </Anchors>
    </ButtonText>
    <NormalFont style="GameFontNormalLeft"/>
  </Button>
  <Button name="ArmoryTradeSkillItemTemplate" inherits="LargeItemButtonTemplate" virtual="true">
     <Scripts>
      <OnClick>
        if ( IsModifiedClick("CHATLINK") and self.link ) then
          HandleModifiedItemClick(self.link);
        end
      </OnClick>
      <OnEnter>
        GameTooltip:SetOwner(self, "ANCHOR_TOPLEFT");
        Armory:SetTradeSkillItem(ArmoryTradeSkillFrame.selectedSkill, self:GetID());
      </OnEnter>
      <OnLeave>
        GameTooltip:Hide();
      </OnLeave>
      <OnLoad>
        -- Uses in Korean to fix Bug ID: 244689
        if TRADESKILL_REAGENT_FONT then
          _G[self:GetName().."Count"]:SetFontObject(TRADESKILL_REAGENT_FONT);
        end
      </OnLoad>
    </Scripts>
  </Button>
  <Frame name="ArmoryTradeSkillFrame" movable="true" parent="ArmoryFrame" enableMouse="true" hidden="true">
    <Size x="384" y="512"/>
    <Anchors>
      <Anchor point="TOPLEFT" relativeTo="ArmoryFrame" relativePoint="TOPRIGHT" x="32" y="11"/>
    </Anchors>
    <HitRectInsets>
      <AbsInset left="0" right="34" top="0" bottom="75"/>
    </HitRectInsets>
    <Layers>
      <Layer level="BACKGROUND">
        <Texture file="Interface\Spellbook\Spellbook-Icon">
          <Size x="60" y="60"/>
          <Anchors>
            <Anchor point="TOPLEFT" x="7" y="-6"/>
          </Anchors>
        </Texture>
        <FontString name="$parentDummyString" inherits="GameFontNormal" hidden="true">
          <Anchors>
            <Anchor point="TOPLEFT" x="0" y="0"/>
          </Anchors>
          <Size x="0" y="0"/>
        </FontString>
      </Layer>
      <Layer level="BORDER">
        <Texture name="ArmoryTradeSkillFrameTopLeftTexture" file="Interface\PaperDollInfoFrame\UI-Character-General-TopLeft">
          <Size x="256" y="256"/>
          <Anchors>
            <Anchor point="TOPLEFT"/>
          </Anchors>
        </Texture>
        <Texture name="ArmoryTradeSkillFrameTopRightTexture" file="Interface\PaperDollInfoFrame\UI-Character-General-TopRight">
          <Size>
            <AbsDimension x="128" y="256"/>
          </Size>
          <Anchors>
            <Anchor point="TOPRIGHT"/>
          </Anchors>
        </Texture>
        <Texture name="ArmoryTradeSkillFrameBottomLeftTexture" file="Interface\PaperDollInfoFrame\UI-Character-General-BottomLeft">
          <Size>
            <AbsDimension x="256" y="256"/>
          </Size>
          <Anchors>
            <Anchor point="BOTTOMLEFT"/>
          </Anchors>
        </Texture>
        <Texture name="ArmoryTradeSkillFrameBottomRightTexture" file="Interface\PaperDollInfoFrame\UI-Character-General-BottomRight">
          <Size>
            <AbsDimension x="128" y="256"/>
          </Size>
          <Anchors>
            <Anchor point="BOTTOMRIGHT"/>
          </Anchors>
        </Texture>
        <FontString name="ArmoryTradeSkillFrameTitleText" inherits="GameFontNormal" text="Trade Skills">
          <Anchors>
            <Anchor point="TOP" relativeTo="ArmoryTradeSkillFrame" relativePoint="TOP">
              <Offset>
                <AbsDimension x="0" y="-17"/>
              </Offset>
            </Anchor>
          </Anchors>
        </FontString>
      </Layer>
      <Layer level="ARTWORK">
        <Texture name="ArmoryTradeSkillHorizontalBarLeft" file="Interface\ClassTrainerFrame\UI-ClassTrainer-HorizontalBar">
          <Size>
            <AbsDimension x="256" y="16"/>
          </Size>
          <Anchors>
            <Anchor point="TOPLEFT">
              <Offset>
                <AbsDimension x="15" y="-221"/>
              </Offset>
            </Anchor>
          </Anchors>
          <TexCoords left="0" right="1.0" top="0" bottom="0.25"/>
        </Texture>
        <Texture file="Interface\ClassTrainerFrame\UI-ClassTrainer-HorizontalBar">
          <Size>
            <AbsDimension x="75" y="16"/>
          </Size>
          <Anchors>
            <Anchor point="LEFT" relativeTo="ArmoryTradeSkillHorizontalBarLeft" relativePoint="RIGHT">
              <Offset>
                <AbsDimension x="0" y="0"/>
              </Offset>
            </Anchor>
          </Anchors>
          <TexCoords left="0" right="0.29296875" top="0.25" bottom="0.5"/>
        </Texture>
      </Layer>
    </Layers>
    <Frames>
      <StatusBar name="ArmoryTradeSkillRankFrame" drawLayer="BACKGROUND" minValue="0" maxValue="1" defaultValue="0" enableMouse="false">
        <Size>
          <AbsDimension x="265" y="14"/>
        </Size>
        <Anchors>
          <Anchor point="TOPLEFT">
            <Offset>
              <AbsDimension x="75" y="-36"/>
            </Offset>
          </Anchor>
        </Anchors>
        <Layers>
          <Layer level="ARTWORK">
            <FontString name="$parentSkillRank" inherits="GameFontHighlightSmall" justifyH="CENTER">
              <Anchors>
                <Anchor point="TOP" relativeTo="ArmoryTradeSkillFrameTitleText">
                  <Offset>
                    <AbsDimension x="0" y="-20"/>
                  </Offset>
                </Anchor>
              </Anchors>
            </FontString>
          </Layer>
          <Layer level="BACKGROUND">
            <Texture name="$parentBackground">
              <Color r="1.0" g="1.0" b="1.0" a="0.2"/>
            </Texture>
          </Layer>
        </Layers>
        <Frames>
          <Button name="$parentBorder">
            <Size>
              <AbsDimension x="274" y="27"/>
            </Size>
            <Anchors>
              <Anchor point="LEFT">
                <Offset>
                  <AbsDimension x="-5" y="0"/>
                </Offset>
              </Anchor>
            </Anchors>
            <NormalTexture name="$parentNormal" file="Interface\PaperDollInfoFrame\UI-Character-Skills-BarBorder" />
          </Button>
        </Frames>
        <BarTexture name="$parentBar" file="Interface\PaperDollInfoFrame\UI-Character-Skills-Bar" />
        <BarColor r="0.25" g="0.25" b="0.75" />
      </StatusBar>
      <EditBox name="$parentEditBox" autoFocus="false">
        <Size x="128" y="20"/>
        <Anchors>
          <Anchor point="TOPRIGHT" relativeTo="ArmoryTradeSkillRankFrame" relativePoint="BOTTOMRIGHT" x="2" y="0"/>
        </Anchors>
        <Layers>
          <Layer level="BACKGROUND">
            <Texture name="$parentLeft" file="Interface\Common\Common-Input-Border">
              <Size x="8" y="20"/>
              <Anchors>
                <Anchor point="TOPLEFT" x="-5" y="0"/>
              </Anchors>
              <TexCoords left="0" right="0.0625" top="0" bottom="0.625"/>
            </Texture>
            <Texture name="$parentRight" file="Interface\Common\Common-Input-Border">
              <Size x="8" y="20"/>
              <Anchors>
                <Anchor point="RIGHT" x="0" y="0"/>
              </Anchors>
              <TexCoords left="0.9375" right="1.0" top="0" bottom="0.625"/>
            </Texture>
            <Texture name="$parentMiddle" file="Interface\Common\Common-Input-Border">
              <Size x="0" y="20"/>
              <Anchors>
                <Anchor point="LEFT" relativeTo="$parentLeft" relativePoint="RIGHT"/>
                <Anchor point="RIGHT" relativeTo="$parentRight" relativePoint="LEFT"/>
              </Anchors>
              <TexCoords left="0.0625" right="0.9375" top="0" bottom="0.625"/>
            </Texture>
          </Layer>
        </Layers>
        <Scripts>
          <OnEnterPressed>
            self:ClearFocus();
          </OnEnterPressed>
          <OnEscapePressed>
            self:ClearFocus();
          </OnEscapePressed>
          <OnTextChanged>
            ArmoryTradeSkillFilter_OnTextChanged(self);
          </OnTextChanged>
          <OnEditFocusLost>
            self:HighlightText(0, 0);
            if ( self:GetText() == "" ) then
              self:SetText(SEARCH);
            end
          </OnEditFocusLost>
          <OnEditFocusGained>
            self:HighlightText();
            if ( self:GetText() == SEARCH ) then
              self:SetText("");
            end
          </OnEditFocusGained>
          <OnEnter>
            Armory:AddEnhancedTip(self, SEARCH, 1.0, 1.0, 1.0, ARMORY_TRADESKILL_SEARCH_TEXT_TOOLTIP, 1);
          </OnEnter>
          <OnLeave>
            GameTooltip:Hide();
          </OnLeave>
        </Scripts>
        <FontString inherits="ChatFontSmall"/>
      </EditBox>
      <Frame name="ArmoryTradeSkillExpandButtonFrame" hidden ="true">
        <Size x="54" y="32"/>
        <Anchors>
          <Anchor point="TOPLEFT" x="15" y="-71"/>
        </Anchors>
        <Layers>
          <Layer level="BACKGROUND">
            <Texture name="ArmoryTradeSkillExpandTabLeft" file="Interface\ClassTrainerFrame\UI-ClassTrainer-ExpandTab-Left">
              <Size x="8" y="32"/>
              <Anchors>
                <Anchor point="TOPLEFT"/>
              </Anchors>
            </Texture>
            <Texture name="ArmoryTradeSkillExpandTabMiddle" file="Interface\QuestFrame\UI-QuestLogSortTab-Middle">
              <Size x="38" y="32"/>
              <Anchors>
                <Anchor point="LEFT" relativeTo="ArmoryTradeSkillExpandTabLeft" relativePoint="RIGHT" x="0" y="6"/>
              </Anchors>
            </Texture>
            <Texture name="ArmoryTradeSkillExpandTabRight" file="Interface\QuestFrame\UI-QuestLogSortTab-Right">
              <Size x="8" y="32"/>
              <Anchors>
                <Anchor point="LEFT" relativeTo="ArmoryTradeSkillExpandTabMiddle" relativePoint="RIGHT"/>
              </Anchors>
            </Texture>
          </Layer>
        </Layers>
        <Frames>
          <Button name="ArmoryTradeSkillCollapseAllButton">
            <Size x="40" y="22"/>
            <Anchors>
              <Anchor point="LEFT" relativeTo="ArmoryTradeSkillExpandTabLeft" relativePoint="RIGHT" x="0" y="3"/>
            </Anchors>
            <Layers>
              <Layer level="BACKGROUND">
                <FontString name="$parentSubText" inherits="GameFontNormalSmall" justifyH="LEFT"/>
              </Layer>
            </Layers>
            <NormalTexture urgency="5" file="Interface\Buttons\UI-MinusButton-UP">
              <Size x="16" y="16"/>
              <Anchors>
                <Anchor point="LEFT" x="3" y="0"/>
              </Anchors>
            </NormalTexture>
            <HighlightTexture name="$parentHighlight" file="Interface\Buttons\UI-PlusButton-Hilight" alphaMode="ADD">
              <Size x="16" y="16"/>
              <Anchors>
                <Anchor point="LEFT" x="3" y="0"/>
              </Anchors>
            </HighlightTexture>
            <DisabledTexture file="Interface\Buttons\UI-PlusButton-Disabled">
              <Size x="16" y="16"/>
              <Anchors>
                <Anchor point="LEFT" x="3" y="0"/>
              </Anchors>
            </DisabledTexture>
            <ButtonText name="$parentText">
              <Size x="270" y="13"/>
              <Anchors>
                <Anchor point="LEFT" relativeTo="$parentHighlight" relativePoint="RIGHT" x="2" y="1"/>
              </Anchors>
            </ButtonText>
            <NormalFont style="GameFontNormalLeft"/>
            <HighlightFont style="GameFontHighlightLeft"/>
            <DisabledFont style="GameFontDisableLeft"/>
            <Scripts>
              <OnLoad>
                _G[self:GetName()]:SetText(ALL);
              </OnLoad>
              <OnClick>
                ArmoryTradeSkillCollapseAllButton_OnClick(self);
              </OnClick>
              <OnEnter>
                _G[self:GetName().."SubText"]:SetTextColor(HIGHLIGHT_FONT_COLOR.r, HIGHLIGHT_FONT_COLOR.g, HIGHLIGHT_FONT_COLOR.b);
              </OnEnter>
              <OnLeave>
                _G[self:GetName().."SubText"]:SetTextColor(self.r, self.g, self.b);
              </OnLeave>
            </Scripts>
          </Button>
        </Frames>
      </Frame>
      <Frame name="ArmoryTradeSkillInvSlotDropDown" inherits="ArmoryDropDownMenuTemplate" id="2" hidden="true">
        <Anchors>
          <Anchor point="TOPRIGHT" x="-25" y="-66"/>
        </Anchors>
      </Frame>
      <Frame name="ArmoryTradeSkillSubClassDropDown" inherits="ArmoryDropDownMenuTemplate" id="1" hidden="true">
        <Anchors>
          <Anchor point="RIGHT" relativeTo="ArmoryTradeSkillInvSlotDropDown" relativePoint="LEFT" x="35" y="0"/>
        </Anchors>
      </Frame>
      <Frame name="ArmoryTradeSkillHighlightFrame" hidden="true">
        <Size x="293" y="16"/>
        <Anchors>
          <Anchor point="TOPLEFT"/>
        </Anchors>
        <Layers>
          <Layer level="ARTWORK">
            <Texture name="ArmoryTradeSkillHighlight" file="Interface\Buttons\UI-Listbox-Highlight2"/>
          </Layer>
        </Layers>
      </Frame>
      <Button name="ArmoryTradeSkillSkill1" inherits="ArmoryTradeSkillSkillButtonTemplate">
        <Anchors>
          <Anchor point="TOPLEFT" relativeTo="ArmoryTradeSkillFrame" x="22" y="-80"/>
        </Anchors>
      </Button>
      <Button name="ArmoryTradeSkillSkill2" inherits="ArmoryTradeSkillSkillButtonTemplate">
        <Anchors>
          <Anchor point="TOPLEFT" relativeTo="ArmoryTradeSkillSkill1" relativePoint="BOTTOMLEFT" x="0" y="0"/>
        </Anchors>
      </Button>
      <Button name="ArmoryTradeSkillSkill3" inherits="ArmoryTradeSkillSkillButtonTemplate">
        <Anchors>
          <Anchor point="TOPLEFT" relativeTo="ArmoryTradeSkillSkill2" relativePoint="BOTTOMLEFT" x="0" y="0"/>
        </Anchors>
      </Button>
      <Button name="ArmoryTradeSkillSkill4" inherits="ArmoryTradeSkillSkillButtonTemplate">
        <Anchors>
          <Anchor point="TOPLEFT" relativeTo="ArmoryTradeSkillSkill3" relativePoint="BOTTOMLEFT" x="0" y="0"/>
        </Anchors>
      </Button>
      <Button name="ArmoryTradeSkillSkill5" inherits="ArmoryTradeSkillSkillButtonTemplate">
        <Anchors>
          <Anchor point="TOPLEFT" relativeTo="ArmoryTradeSkillSkill4" relativePoint="BOTTOMLEFT" x="0" y="0"/>
        </Anchors>
      </Button>
      <Button name="ArmoryTradeSkillSkill6" inherits="ArmoryTradeSkillSkillButtonTemplate">
        <Anchors>
          <Anchor point="TOPLEFT" relativeTo="ArmoryTradeSkillSkill5" relativePoint="BOTTOMLEFT" x="0" y="0"/>
        </Anchors>
      </Button>
      <Button name="ArmoryTradeSkillSkill7" inherits="ArmoryTradeSkillSkillButtonTemplate">
        <Anchors>
          <Anchor point="TOPLEFT" relativeTo="ArmoryTradeSkillSkill6" relativePoint="BOTTOMLEFT" x="0" y="0"/>
        </Anchors>
      </Button>
      <Button name="ArmoryTradeSkillSkill8" inherits="ArmoryTradeSkillSkillButtonTemplate">
        <Anchors>
          <Anchor point="TOPLEFT" relativeTo="ArmoryTradeSkillSkill7" relativePoint="BOTTOMLEFT" x="0" y="0"/>
        </Anchors>
      </Button>
      <Button name="ArmoryTradeSkillSkill9" inherits="ArmoryTradeSkillSkillButtonTemplate">
        <Anchors>
          <Anchor point="TOPLEFT" relativeTo="ArmoryTradeSkillSkill8" relativePoint="BOTTOMLEFT" x="0" y="0"/>
        </Anchors>
      </Button>
      <ScrollFrame name="ArmoryTradeSkillListScrollFrame" inherits="ListScrollFrameTemplate">
        <Size>
          <AbsDimension x="296" y="146"/>
        </Size>
        <Anchors>
          <Anchor point="TOPRIGHT" relativeTo="ArmoryTradeSkillFrame" relativePoint="TOPRIGHT">
            <Offset>
              <AbsDimension x="-67" y="-80"/>
            </Offset>
          </Anchor>
        </Anchors>
        <Scripts>
          <OnVerticalScroll>
            FauxScrollFrame_OnVerticalScroll(self, offset, ARMORY_TRADE_SKILL_HEIGHT, ArmoryTradeSkillFrame_Update);
          </OnVerticalScroll>
        </Scripts>
      </ScrollFrame>
      <ScrollFrame name="ArmoryTradeSkillDetailScrollFrame" inherits="UIPanelScrollFrameTemplate">
        <Size x="297" y="195"/>
        <Anchors>
          <Anchor point="TOPLEFT" x="20" y="-234"/>
        </Anchors>
        <Layers>
          <Layer level="BACKGROUND">
            <Texture name="$parentTop" file="Interface\ClassTrainerFrame\UI-ClassTrainer-ScrollBar">
              <Size x="30" y="123"/>
              <Anchors>
                <Anchor point="TOPLEFT" relativePoint="TOPRIGHT" x="-2" y="5"/>
              </Anchors>
              <TexCoords left="0" right="0.46875" top="0" bottom="0.9609375"/>
            </Texture>
            <Texture name="$parentBottom" file="Interface\ClassTrainerFrame\UI-ClassTrainer-ScrollBar">
              <Size x="30" y="123"/>
              <Anchors>
                <Anchor point="BOTTOMLEFT" relativePoint="BOTTOMRIGHT" x="-2" y="-1"/>
              </Anchors>
              <TexCoords left="0.53125" right="1.0" top="0.03125" bottom="1.0"/>
            </Texture>
          </Layer>
        </Layers>
        <Scripts>
          <OnLoad>
            ScrollFrame_OnLoad(self);
            self.scrollBarHideable = 1;
          </OnLoad>
        </Scripts>
        <ScrollChild>
          <Frame name="ArmoryTradeSkillDetailScrollChildFrame">
            <Size x="297" y="150"/>
            <Layers>
              <Layer level="BACKGROUND">
                <FontString name="ArmoryTradeSkillSkillName" inherits="GameFontNormal" text="Skill Name" justifyH="LEFT">
                  <Size x="244" y="0"/>
                  <Anchors>
                    <Anchor point="TOPLEFT" x="50" y="-5"/>
                  </Anchors>
                </FontString>
                <FontString name="ArmoryTradeSkillRequirementLabel" inherits="GameFontHighlightSmall" text="REQUIRES_LABEL">
                  <Anchors>
                    <Anchor point="TOPLEFT" relativeTo="ArmoryTradeSkillSkillName" relativePoint="BOTTOMLEFT" x="0" y="0"/>
                  </Anchors>
                </FontString>
                <FontString name="ArmoryTradeSkillRequirementText" inherits="GameFontHighlightSmall" justifyV="TOP" justifyH="LEFT">
                  <Size x="180" y="0"/>
                  <Anchors>
                    <Anchor point="TOPLEFT" relativeTo="ArmoryTradeSkillRequirementLabel" relativePoint="TOPRIGHT" x="4" y="0"/>
                  </Anchors>
                </FontString>
                <FontString name="ArmoryTradeSkillSkillCooldown" inherits="GameFontRedSmall">
                  <Anchors>
                    <Anchor point="TOPLEFT" relativeTo="ArmoryTradeSkillRequirementLabel" relativePoint="BOTTOMLEFT" x="0" y="0"/>
                  </Anchors>
                </FontString>
                <Texture name="ArmoryTradeSkillDetailHeaderLeft" file="Interface\ClassTrainerFrame\UI-ClassTrainer-DetailHeaderLeft">
                  <Size x="256" y="64"/>
                  <Anchors>
                    <Anchor point="TOPLEFT" x="0" y="3"/>
                  </Anchors>
                </Texture>
                <Texture file="Interface\ClassTrainerFrame\UI-ClassTrainer-DetailHeaderRight">
                  <Size x="64" y="64"/>
                  <Anchors>
                    <Anchor point="TOPLEFT" relativeTo="ArmoryTradeSkillDetailHeaderLeft" relativePoint="TOPRIGHT" x="0" y="0"/>
                  </Anchors>
                </Texture>
                <FontString name="ArmoryTradeSkillDescription" inherits="GameFontHighlightSmall" justifyH="LEFT">
                  <Size x="290" y="0"/>
                  <Anchors>
                    <Anchor point="TOPLEFT" x="5" y="-50"/>
                  </Anchors>
                </FontString>
                <FontString name="ArmoryTradeSkillReagentLabel" inherits="GameFontNormalSmall" text="SPELL_REAGENTS">
                  <Anchors>
                    <Anchor point="TOPLEFT" relativeTo="ArmoryTradeSkillDescription" relativePoint="BOTTOMLEFT" x="0" y="-10"/>
                  </Anchors>
                </FontString>
              </Layer>
            </Layers>
            <Frames>
              <Button name="ArmoryTradeSkillSkillIcon">
                <Size x="37" y="37"/>
                <Anchors>
                  <Anchor point="TOPLEFT" x="8" y="-3"/>
                </Anchors>
                <Layers>
                  <Layer level="ARTWORK">
                    <FontString name="ArmoryTradeSkillSkillIconCount" inherits="NumberFontNormal" justifyH="RIGHT" hidden="false">
                      <Anchors>
                        <Anchor point="BOTTOMRIGHT" x="-5" y="2"/>
                      </Anchors>
                    </FontString>
                  </Layer>
                </Layers>
                <Scripts>
                  <OnClick>
                    if ( IsModifiedClick("CHATLINK") and self.link ) then
                      HandleModifiedItemClick(self.link);
                    end
                  </OnClick>
                  <OnEnter>
                    ArmoryTradeSkillItem_OnEnter(self);
                  </OnEnter>
                  <OnLeave>
                    GameTooltip:Hide();
                  </OnLeave>
                </Scripts>
              </Button>
              <Button name="ArmoryTradeSkillReagent1" inherits="ArmoryTradeSkillItemTemplate" id="1">
                <Anchors>
                  <Anchor point="TOPLEFT" relativeTo="ArmoryTradeSkillReagentLabel" relativePoint="BOTTOMLEFT" x="-2" y="-3"/>
                </Anchors>
              </Button>
              <Button name="ArmoryTradeSkillReagent2" inherits="ArmoryTradeSkillItemTemplate" id="2">
                <Anchors>
                  <Anchor point="LEFT" relativeTo="ArmoryTradeSkillReagent1" relativePoint="RIGHT" x="0" y="0"/>
                </Anchors>
              </Button>
              <Button name="ArmoryTradeSkillReagent3" inherits="ArmoryTradeSkillItemTemplate" id="3">
                <Anchors>
                  <Anchor point="TOPLEFT" relativeTo="ArmoryTradeSkillReagent1" relativePoint="BOTTOMLEFT" x="0" y="-2"/>
                </Anchors>
              </Button>
              <Button name="ArmoryTradeSkillReagent4" inherits="ArmoryTradeSkillItemTemplate" id="4">
                <Anchors>
                  <Anchor point="LEFT" relativeTo="ArmoryTradeSkillReagent3" relativePoint="RIGHT" x="0" y="0"/>
                </Anchors>
              </Button>
              <Button name="ArmoryTradeSkillReagent5" inherits="ArmoryTradeSkillItemTemplate" id="5">
                <Anchors>
                  <Anchor point="TOPLEFT" relativeTo="ArmoryTradeSkillReagent3" relativePoint="BOTTOMLEFT" x="0" y="-2"/>
                </Anchors>
              </Button>
              <Button name="ArmoryTradeSkillReagent6" inherits="ArmoryTradeSkillItemTemplate" id="6">
                <Anchors>
                  <Anchor point="LEFT" relativeTo="ArmoryTradeSkillReagent5" relativePoint="RIGHT" x="0" y="0"/>
                </Anchors>
              </Button>
              <Button name="ArmoryTradeSkillReagent7" inherits="ArmoryTradeSkillItemTemplate" id="7">
                <Anchors>
                  <Anchor point="TOPLEFT" relativeTo="ArmoryTradeSkillReagent6" relativePoint="BOTTOMLEFT" x="0" y="-2"/>
                </Anchors>
              </Button>
              <Button name="ArmoryTradeSkillReagent8" inherits="ArmoryTradeSkillItemTemplate" id="8">
                <Anchors>
                  <Anchor point="LEFT" relativeTo="ArmoryTradeSkillReagent7" relativePoint="RIGHT" x="0" y="0"/>
                </Anchors>
              </Button>
            </Frames>
          </Frame>
        </ScrollChild>
      </ScrollFrame>
      <Button name="ArmoryTradeSkillFrameCloseButton" inherits="UIPanelCloseButton">
        <Anchors>
          <Anchor point="TOPRIGHT" relativeTo="ArmoryTradeSkillFrame" relativePoint="TOPRIGHT" x="-29" y="-8"/>
        </Anchors>
      </Button>
    </Frames>
    <Scripts>
      <OnShow>
        PlaySound("igCharacterInfoOpen");
      </OnShow>
      <OnHide>
        PlaySound("igCharacterInfoClose");
      </OnHide>
      <OnLoad>
        ArmoryTradeSkillFrame_OnLoad(self);
      </OnLoad>
      <OnEvent>
        ArmoryTradeSkillFrame_OnEvent(self, event, ...);
      </OnEvent>
      <OnMouseWheel>
        return;
      </OnMouseWheel>
    </Scripts>
  </Frame>
</Ui>

