<!-- Revision: 599 2013-09-27T15:38:36Z -->
<Ui xmlns="http://www.blizzard.com/wow/ui/" xmlns:xsi="http://www.w3.org/2001/XMLSchema-instance" xsi:schemaLocation="http://www.blizzard.com/wow/ui/
..\..\..\FrameXML\UI.xsd">
  <Script file="ArmoryPVPFrame.lua"/>

  <Button name="ArmoryPVPConquestButtonTemplate" virtual="true">
    <Size x="300" y="56"/>
    <Layers>
      <Layer level="OVERLAY">
        <Texture parentKey="SelectedTexture" file="Interface\PVPFrame\PvPMegaQueue" alphaMode="ADD" hidden="true">
          <Size x="306" y="46"/>
          <Anchors>
            <Anchor point="CENTER"/>
          </Anchors>
          <TexCoords left="0.00195313" right="0.63867188" top="0.76953125" bottom="0.83007813"/>
        </Texture>
      </Layer>
      <Layer level="ARTWORK">
        <FontString parentKey="TeamSizeText" inherits="GameFontNormalHuge">
          <Anchors>
            <Anchor point="CENTER" relativePoint="LEFT" x="40" y="0"/>
          </Anchors>
        </FontString>
        <FontString parentKey="WinsLabel" inherits="GameFontDisable" text="WINS">
          <Anchors>
            <Anchor point="TOP" x="-40" y="-14"/>
          </Anchors>
        </FontString>
        <FontString parentKey="Wins" inherits="GameFontHighlight" text="0">
          <Anchors>
            <Anchor point="TOP" relativeKey="$parent.WinsLabel" relativePoint="BOTTOM" x="0" y="-2"/>
          </Anchors>
        </FontString>
        <FontString parentKey="BestLabel" inherits="GameFontDisable" text="BEST">
          <Anchors>
            <Anchor point="TOP" x="28" y="-14"/>
          </Anchors>
        </FontString>
        <FontString parentKey="BestRating" inherits="GameFontHighlight" text="0">
          <Anchors>
            <Anchor point="TOP" relativeKey="$parent.BestLabel" relativePoint="BOTTOM" x="0" y="-2"/>
          </Anchors>
        </FontString>
        <FontString parentKey="CurrentLabel" inherits="GameFontDisable" text="REFORGE_CURRENT">
          <Anchors>
            <Anchor point="TOP" x="100" y="-13"/>
          </Anchors>
        </FontString>
        <FontString parentKey="CurrentRating" inherits="GameFontNormalLarge" text="0">
          <Anchors>
            <Anchor point="TOP" relativeKey="$parent.CurrentLabel" relativePoint="BOTTOM" x="0" y="-3"/>
          </Anchors>
        </FontString>
      </Layer>
    </Layers>
    <NormalTexture parentKey="NormalTexture" file="Interface\PVPFrame\PvPMegaQueue">
      <TexCoords left="0.00195313" right="0.58789063" top="0.87304688" bottom="0.92773438"/>
    </NormalTexture>
    <PushedTexture file="Interface\PVPFrame\PvPMegaQueue">
      <TexCoords left="0.00195313" right="0.58789063" top="0.92968750" bottom="0.98437500"/>
    </PushedTexture>
    <HighlightTexture parentKey="HighlightTexture" file="Interface\PVPFrame\PvPMegaQueue" alphaMode="ADD">
      <Size x="306" y="46"/>
      <Anchors>
        <Anchor point="CENTER"/>
      </Anchors>
      <TexCoords left="0.00195313" right="0.63867188" top="0.70703125" bottom="0.76757813"/>
    </HighlightTexture>
    <Scripts>
      <OnLoad>
        self.id = self:GetID();
        self.TeamSizeText:SetText(ARMORY_CONQUEST_SIZE_STRINGS[self.id]);
      </OnLoad>
      <OnEnter function="ArmoryConquestFrameButton_OnEnter"/>
      <OnLeave>
        ArmoryConquestTooltip:Hide();
      </OnLeave>
    </Scripts>
  </Button>

  <Frame name="ArmoryPVPFrame" setAllPoints="true" enableMouse="true" movable="true" parent="ArmoryFrame" useParentLevel="true" hidden="true" id="4">
    <Anchors>
      <Anchor point="TOPLEFT" x="-14" y="14"/>
      <Anchor point="BOTTOMRIGHT" />
    </Anchors>
    <HitRectInsets>
      <AbsInset left="0" right="30" top="0" bottom="75"/>
    </HitRectInsets>
    <Layers>
      <Layer level="BACKGROUND">
        <Texture file="Interface\PaperDollInfoFrame\UI-Character-General-TopLeft">
          <Size>
            <AbsDimension x="256" y="256"/>
          </Size>
          <Anchors>
            <Anchor point="TOPLEFT">
              <Offset>
                <AbsDimension x="2" y="-1"/>
              </Offset>
            </Anchor>
          </Anchors>
        </Texture>
        <Texture file="Interface\PaperDollInfoFrame\UI-Character-General-TopRight">
          <Size>
            <AbsDimension x="128" y="256"/>
          </Size>
          <Anchors>
            <Anchor point="TOPLEFT">
              <Offset>
                <AbsDimension x="258" y="-1"/>
              </Offset>
            </Anchor>
          </Anchors>
        </Texture>
        <Texture file="Interface\PaperDollInfoFrame\UI-Character-General-BottomLeft">
          <Size>
            <AbsDimension x="256" y="256"/>
          </Size>
          <Anchors>
            <Anchor point="TOPLEFT">
              <Offset>
                <AbsDimension x="2" y="-257"/>
              </Offset>
            </Anchor>
          </Anchors>
        </Texture>
        <Texture file="Interface\PaperDollInfoFrame\UI-Character-General-BottomRight">
          <Size>
            <AbsDimension x="128" y="256"/>
          </Size>
          <Anchors>
            <Anchor point="TOPLEFT">
              <Offset>
                <AbsDimension x="258" y="-257"/>
              </Offset>
            </Anchor>
          </Anchors>
        </Texture>
      </Layer>
      <Layer level="BORDER">
        <Texture name="ArmoryPVPFrameBackground" file="Interface\PVPFrame\UI-Character-PVP">
          <Size>
            <AbsDimension x="512" y="512"/>
          </Size>
          <Anchors>
            <Anchor point="TOPLEFT">
              <Offset>
                <AbsDimension x="14" y="-36"/>
              </Offset>
            </Anchor>
          </Anchors>
        </Texture>
      </Layer>
    </Layers>
    <Frames>
      <Frame name="ArmoryPVPFrameHonor" hidden="false">
        <Size>
          <AbsDimension x="300" y="20"/>
        </Size>
        <Anchors>
          <Anchor point="TOPLEFT" relativeTo="ArmoryPVPFrameBackground" relativePoint="TOPLEFT">
            <Offset>
              <AbsDimension x="118" y="-2"/>
            </Offset>
          </Anchor>
        </Anchors>
        <Layers>
          <Layer level="BACKGROUND">
            <FontString name="$parentLabel" inherits="GameFontHighlightSmall" text="PVP_LABEL_HONOR">
              <Anchors>
                <Anchor point="LEFT" relativeTo="$parent">
                  <Offset>
                    <AbsDimension x="0" y="0"/>
                  </Offset>
                </Anchor>
              </Anchors>
            </FontString>
            <FontString name="$parentPoints" inherits="GameFontNormal" justifyH="RIGHT">
              <Anchors>
                <Anchor point="LEFT" relativeTo="$parentLabel" relativePoint="RIGHT">
                  <Offset>
                    <AbsDimension x="15" y="0"/>
                  </Offset>
                </Anchor>
              </Anchors>
            </FontString>
            <Texture name="$parentIcon">
              <Size>
                <AbsDimension x="28" y="28"/>
              </Size>
              <Anchors>
                <Anchor point="LEFT" relativeTo="$parentPoints" relativePoint="RIGHT">
                  <Offset>
                    <AbsDimension x="4" y="-6"/>
                  </Offset>
                </Anchor>
              </Anchors>
            </Texture>
          </Layer>
        </Layers>
        <Frames>
          <Frame name="ArmoryPVPHonor">
            <Size>
              <AbsDimension x="300" y="100"/>
            </Size>
            <Anchors>
              <Anchor point="TOPLEFT" relativeTo="ArmoryPVPFrameBackground" relativePoint="TOPLEFT">
                <Offset>
                  <AbsDimension x="15" y="-28"/>
                </Offset>
              </Anchor>
            </Anchors>
            <Layers>
              <Layer level="BACKGROUND">
                <FontString name="$parentKillsLabel" inherits="GameFontDisableSmall" text="KILLS_PVP">
                  <Anchors>
                    <Anchor point="TOPLEFT" relativeTo="ArmoryPVPHonor">
                      <Offset>
                        <AbsDimension x="25" y="-24"/>
                      </Offset>
                    </Anchor>
                  </Anchors>
                </FontString>
                <FontString name="$parentHonorLabel" inherits="GameFontDisableSmall" text="HONOR">
                  <Anchors>
                    <Anchor point="TOPRIGHT" relativeTo="$parentKillsLabel" relativePoint="BOTTOMRIGHT">
                      <Offset>
                        <AbsDimension x="0" y="-10"/>
                      </Offset>
                    </Anchor>
                  </Anchors>
                </FontString>
                <Texture name="ArmoryPVPFrameLine1" file="Interface\PVPFrame\UI-Character-PVP-Elements">
                  <Size>
                    <AbsDimension x="250" y="5"/>
                  </Size>
                  <Anchors>
                    <Anchor point="BOTTOMLEFT" relativeTo="$parentKillsLabel" relativePoint="TOPRIGHT">
                      <Offset>
                        <AbsDimension x="-10" y="4"/>
                      </Offset>
                    </Anchor>
                  </Anchors>
                  <TexCoords left="0" right="0.4140625" top="0.76171875" bottom="0.765625"/>
                </Texture>
                <!-- Today Begin -->
                <FontString name="$parentTodayLabel" inherits="GameFontDisableSmall" text="HONOR_TODAY">
                  <Anchors>
                    <Anchor point="BOTTOMLEFT" relativeTo="$parentKillsLabel" relativePoint="TOPRIGHT">
                      <Offset>
                        <AbsDimension x="30" y="10"/>
                      </Offset>
                    </Anchor>
                  </Anchors>
                </FontString>
                <FontString name="$parentTodayKills" inherits="GameFontHighlightSmall">
                  <Anchors>
                    <Anchor point="TOP" relativeTo="$parentTodayLabel" relativePoint="BOTTOM">
                      <Offset>
                        <AbsDimension x="0" y="-10"/>
                      </Offset>
                    </Anchor>
                  </Anchors>
                </FontString>
                <FontString name="$parentTodayHonor" inherits="GameFontHighlightSmall">
                  <Anchors>
                    <Anchor point="TOP" relativeTo="$parentTodayKills" relativePoint="BOTTOM">
                      <Offset>
                        <AbsDimension x="0" y="-10"/>
                      </Offset>
                    </Anchor>
                  </Anchors>
                </FontString>
                <!-- Today End -->
                <!-- Yesterday Begin -->
                <FontString name="$parentYesterdayLabel" inherits="GameFontDisableSmall" text="HONOR_YESTERDAY">
                  <Anchors>
                    <Anchor point="LEFT" relativeTo="$parentTodayLabel" relativePoint="RIGHT">
                      <Offset>
                        <AbsDimension x="30" y="0"/>
                      </Offset>
                    </Anchor>
                  </Anchors>
                </FontString>
                <FontString name="$parentYesterdayKills" inherits="GameFontHighlightSmall">
                  <Anchors>
                    <Anchor point="TOP" relativeTo="$parentYesterdayLabel" relativePoint="BOTTOM">
                      <Offset>
                        <AbsDimension x="0" y="-10"/>
                      </Offset>
                    </Anchor>
                  </Anchors>
                </FontString>
                <FontString name="$parentYesterdayHonor" inherits="GameFontHighlightSmall" >
                  <Anchors>
                    <Anchor point="TOP" relativeTo="$parentYesterdayKills" relativePoint="BOTTOM">
                      <Offset>
                        <AbsDimension x="0" y="-10"/>
                      </Offset>
                    </Anchor>
                  </Anchors>
                </FontString>
                <!-- Yesterday End -->
                <!-- Lifetime Begin -->
                <FontString name="$parentLifetimeLabel" inherits="GameFontDisableSmall" text="HONOR_LIFETIME">
                  <Anchors>
                    <Anchor point="LEFT" relativeTo="$parentYesterdayLabel" relativePoint="RIGHT">
                      <Offset>
                        <AbsDimension x="30" y="0"/>
                      </Offset>
                    </Anchor>
                  </Anchors>
                </FontString>
                <FontString name="$parentLifetimeKills" inherits="GameFontHighlightSmall">
                  <Anchors>
                    <Anchor point="TOP" relativeTo="$parentLifetimeLabel" relativePoint="BOTTOM">
                      <Offset>
                        <AbsDimension x="0" y="-10"/>
                      </Offset>
                    </Anchor>
                  </Anchors>
                </FontString>
                <FontString name="$parentLifetimeHonor" inherits="GameFontDisableSmall" text="-">
                  <Anchors>
                    <Anchor point="TOP" relativeTo="$parentLifetimeKills" relativePoint="BOTTOM">
                      <Offset>
                        <AbsDimension x="0" y="-10"/>
                      </Offset>
                    </Anchor>
                  </Anchors>
                </FontString>
                <!-- Lifetime End -->
              </Layer>
            </Layers>
          </Frame>
        </Frames>
      </Frame>
      <Frame name="ArmoryConquestFrame">
        <Size>
          <AbsDimension x="300" y="20"/>
        </Size>
        <Anchors>
          <Anchor point="TOPLEFT" relativeTo="ArmoryPVPFrameBackground" relativePoint="TOPLEFT">
            <Offset>
              <AbsDimension x="120" y="-95"/>
            </Offset>
          </Anchor>
        </Anchors>
        <Layers>
          <Layer level="BACKGROUND">
            <FontString name="$parentLabel" inherits="GameFontHighlightSmall" text="PVP_LABEL_ARENA">
              <Anchors>
                <Anchor point="LEFT" relativeTo="$parent">
                  <Offset>
                    <AbsDimension x="-55" y="0"/>
                  </Offset>
                </Anchor>
              </Anchors>
            </FontString>
            <FontString name="$parentPoints" inherits="GameFontNormal" justifyH="RIGHT">
              <Anchors>
                <Anchor point="LEFT" relativeTo="$parentLabel" relativePoint="RIGHT">
                  <Offset>
                    <AbsDimension x="15" y="0"/>
                  </Offset>
                </Anchor>
              </Anchors>
            </FontString>
            <Texture name="$parentIcon" file="Interface\PVPFrame\PVP-ArenaPoints-Icon">
              <Size>
                <AbsDimension x="17" y="15"/>
              </Size>
              <Anchors>
                <Anchor point="LEFT" relativeTo="$parentPoints" relativePoint="RIGHT">
                  <Offset>
                    <AbsDimension x="5" y="0"/>
                  </Offset>
                </Anchor>
              </Anchors>
            </Texture>
          </Layer>
        </Layers>
        <Frames>
          <StatusBar name="ArmoryPVPFrameConquestBar" drawLayer="BACKGROUND">
            <Size>
              <AbsDimension x="90" y="12"/>
            </Size>
            <Anchors>
              <Anchor point="LEFT" relativeTo="ArmoryConquestFrameIcon" relativePoint="RIGHT" x="14" y="0"/>
            </Anchors>
            <Layers>
              <Layer level="BACKGROUND">
                <Texture name="$parentBG">
                  <Anchors>
                    <Anchor point="TOPLEFT" x="1" y="-2"/>
                    <Anchor point="BOTTOMRIGHT" x="-1" y="2"/>
                  </Anchors>
                  <Color r="0" g="0" b="0" a="06"/>
                </Texture>
              </Layer>
              <Layer level="OVERLAY">
                <Texture name="$parentBorder" urgency="5" file="Interface\PaperDollInfoFrame\UI-Character-Skills-BarBorder">
                  <Anchors>
                    <Anchor point="TOPLEFT" x="-2" y="6"/>
                    <Anchor point="BOTTOMRIGHT" x="1" y="-7"/>
                  </Anchors>
                </Texture>
                <FontString name="$parentPoints" inherits="GameFontHighlightSmall" parentKey ="pointText" text="0/0">
                  <Anchors>
                    <Anchor point="CENTER">
                      <Offset>
                        <AbsDimension x="0" y="0"/>
                      </Offset>
                    </Anchor>
                  </Anchors>
                </FontString>
              </Layer>
            </Layers>
            <Scripts>
              <OnEnter function="ArmoryConquestFrame_ShowMaximumRewardsTooltip"/>
              <OnLeave function="GameTooltip_Hide"/>
            </Scripts>
            <BarTexture urgency="5" file="Interface\PaperDollInfoFrame\UI-Character-Skills-Bar"/>
            <BarColor r="1.0" g="0.11" b=".15"/>
          </StatusBar>

          <Button parentKey="Arena2v2" inherits="ArmoryPVPConquestButtonTemplate" id="1">
            <Anchors>
              <Anchor point="TOPLEFT" relativeTo="$parent" x="-101" y="-45"/>
            </Anchors>
          </Button>
          <Button parentKey="Arena3v3" inherits="ArmoryPVPConquestButtonTemplate" id="2">
            <Anchors>
              <Anchor point="TOP" relativeKey="$parent.Arena2v2" relativePoint="BOTTOM" y="0"/>
            </Anchors>
          </Button>
          <Button parentKey="Arena5v5" inherits="ArmoryPVPConquestButtonTemplate" id="3">
            <Anchors>
              <Anchor point="TOP" relativeKey="$parent.Arena3v3" relativePoint="BOTTOM" y="0"/>
            </Anchors>
          </Button>
          <Button parentKey="RatedBG" inherits="ArmoryPVPConquestButtonTemplate" id="4">
            <Anchors>
              <Anchor point="TOP" relativeKey="$parent.Arena5v5" relativePoint="BOTTOM" y="0"/>
            </Anchors>
          </Button>
        </Frames>
      </Frame>
    </Frames>
    <Scripts>
      <OnLoad>
        ArmoryPVPFrame_OnLoad(self);
      </OnLoad>
      <OnEvent>
        ArmoryPVPFrame_OnEvent(self, event, ...);
      </OnEvent>
      <OnShow>
        ArmoryPVPFrame_OnShow(self);
      </OnShow>
      <OnMouseUp>
        ArmoryFrame_OnMouseUp(self, button);
      </OnMouseUp>
      <OnMouseDown>
        ArmoryFrame_OnMouseDown(self, button);
      </OnMouseDown>
      <OnMouseWheel>
        return;
      </OnMouseWheel>
    </Scripts>
  </Frame>

  <Frame name="ArmoryConquestTooltip" frameStrata="TOOLTIP" hidden="true" clampedToScreen="true">
    <Size x="200" y="155"/>
    <Backdrop bgFile="Interface\Tooltips\UI-Tooltip-Background" edgeFile="Interface\Tooltips\UI-Tooltip-Border" tile="true">
      <Color r="0" b="0" g="0"/>
      <EdgeSize>
        <AbsValue val="16"/>
      </EdgeSize>
      <TileSize>
        <AbsValue val="16"/>
      </TileSize>
      <BackgroundInsets>
        <AbsInset left="4" right="4" top="4" bottom="4"/>
      </BackgroundInsets>
    </Backdrop>
    <Layers>
      <Layer level="ARTWORK">
        <FontString parentKey="WeeklyLabel" inherits="GameFontNormal" text="ARENA_WEEKLY_STATS">
          <Anchors>
            <Anchor point="TOPLEFT" x="15" y="-15"/>
          </Anchors>
        </FontString>
        <FontString parentKey="WeeklyBest" inherits="GameFontHighlightSmall" text="">
          <Anchors>
            <Anchor point="TOPLEFT" relativeKey="$parent.WeeklyLabel" relativePoint="BOTTOMLEFT" x="0" y="-2"/>
          </Anchors>
        </FontString>
        <FontString parentKey="WeeklyGamesPlayed" inherits="GameFontHighlightSmall" text="">
          <Anchors>
            <Anchor point="TOPLEFT" relativeKey="$parent.WeeklyBest" relativePoint="BOTTOMLEFT" x="0" y="-1"/>
          </Anchors>
        </FontString>
        <FontString parentKey="SeasonLabel" inherits="GameFontNormal" text="ARENA_SEASON_STATS">
          <Anchors>
            <Anchor point="TOPLEFT" relativeKey="$parent.WeeklyGamesPlayed" relativePoint="BOTTOMLEFT" x="0" y="-15"/>
          </Anchors>
        </FontString>
        <FontString parentKey="SeasonBest" inherits="GameFontHighlightSmall" text="">
          <Anchors>
            <Anchor point="TOPLEFT" relativeKey="$parent.SeasonLabel" relativePoint="BOTTOMLEFT" x="0" y="-2"/>
          </Anchors>
        </FontString>
        <FontString parentKey="SeasonGamesPlayed" inherits="GameFontHighlightSmall" text="">
          <Anchors>
            <Anchor point="TOPLEFT" relativeKey="$parent.SeasonBest" relativePoint="BOTTOMLEFT" x="0" y="-1"/>
          </Anchors>
        </FontString>
        <FontString parentKey="ProjectedCapLabel" inherits="GameFontNormal" text="PROJECTED_CONQUEST_CAP">
          <Anchors>
            <Anchor point="TOPLEFT" relativeKey="$parent.SeasonGamesPlayed" relativePoint="BOTTOMLEFT" x="0" y="-15"/>
          </Anchors>
        </FontString>
        <FontString parentKey="ProjectedCap" inherits="GameFontHighlightSmall" text="">
          <Anchors>
            <Anchor point="TOPLEFT" relativeKey="$parent.ProjectedCapLabel" relativePoint="BOTTOMLEFT" x="0" y="-2"/>
          </Anchors>
        </FontString>
      </Layer>
    </Layers>
  </Frame>
</Ui>