﻿<Ui xmlns="http://www.blizzard.com/wow/ui/" xmlns:xsi="http://www.w3.org/2001/XMLSchema-instance" xsi:schemaLocation="http://www.blizzard.com/wow/ui/ ..\..\FrameXML\UI.xsd">
	
	<Button name="TabardAddictEntryTemplate" virtual="true">
		<Size x="290" y="40"/>
		<NormalFont style="SystemFont_Shadow_Small"/>
		<Layers>
			<Layer level="ARTWORK">
				<Texture name="$parentTabardIcon" parentKey="TabardIcon" file="Interface\\ICONS\\INV_Chest_Cloth_30">
					<Size x="36" y="36"/>
					<Anchors>
						<Anchor point="TOPLEFT" x="2" y="-2"/>
					</Anchors>
				</Texture>
				<FontString name="$parent_TabardName" parentKey="TabardName" inherits="GameFontNormal" justifyH="LEFT">
					<Size x ="226" y ="16"/>
					<Anchors>
						<Anchor point="TOPLEFT" relativeTo="$parentTabardIcon" relativePoint="TOPRIGHT" x="8" y="0"/>
					</Anchors>
					<Color r="1" g="1" b="0"/>
				</FontString>
				<FontString name="$parentTabardEquipped" inherits="SystemFont_Shadow_Small" justifyH="LEFT" parentKey="TabardEquipped">
					<Size x="0" y="12"/>
					<Anchors>
						<Anchor point="TOPLEFT" relativeTo="$parent_TabardName" relativePoint="BOTTOMLEFT" x="0" y="-4"/>
					</Anchors>
				</FontString>
			</Layer>
			<Layer level="OVERLAY">
				<Texture file="Interface\ClassTrainerFrame\TrainerTextures" hidden="true" alphaMode="ADD" textureSubLevel="0">
					<TexCoords left="0.00195313" right="0.57421875" top="0.84960938" bottom="0.94140625"/>
				</Texture>
				<Texture file="Interface\TalentFrame\TalentFrame-Parts" parentKey="TabardIconOverlay" hidden="true" textureSubLevel="5">
					<Size>
						<AbsDimension x="42" y="42"/>
					</Size>
					<Anchors>
						<Anchor point="CENTER" relativeTo="$parentTabardIcon">
							<Offset>
								<AbsDimension x="0" y="0"/>
							</Offset>
						</Anchor>
					</Anchors>
					<TexCoords left="0.73046875" right="0.96093750" top="0.13671875" bottom="0.25195313"/>	
				</Texture>
				<Texture parentKey="TabardFactionIcon" hidden="true" textureSubLevel="7">
					<Size>
						<AbsDimension x="32" y="32"/>
					</Size>
					<Anchors>
						<Anchor point="CENTER" relativeTo="$parentTabardIcon">
							<Offset>
								<AbsDimension x="17" y="-11"/>
							</Offset>
						</Anchor>
					</Anchors>	
				</Texture>
			</Layer>
		</Layers>
		<NormalTexture parentKey="TabardAddictButtonBack" file="Interface\ClassTrainerFrame\TrainerTextures">
			<TexCoords left="0.00195313" right="0.57421875" top="0.65820313" bottom="0.75000000"/>
		</NormalTexture>
		<HighlightTexture name="$parentTabardAddictButtonHighlight" parentKey="TabardAddictButtonHighlight" file="Interface\ClassTrainerFrame\TrainerTextures" alphaMode="ADD">
			<TexCoords left="0.00195313" right="0.57421875" top="0.75390625" bottom="0.84570313"/>
		</HighlightTexture>
		<Scripts>
			
		</Scripts>
	</Button>
	<Button name="TabardAddictEntryInfoTemplate" virtual="true">
		<Size>
			<AbsDimension x="16" y="16"/>
		</Size>	
		<Anchors>
			<Anchor point="TOPRIGHT" relativeTo="$parent" relativePoint="TOPRIGHT">
				<Offset>
					<AbsDimension x="-5" y="-12"/>
				</Offset>
			</Anchor>
		</Anchors>
		<Layers>
			<Layer level="ARTWORK">
				<Texture name="$parentTexture" file="Interface\FriendsFrame\InformationIcon">
					<Anchors>
						<Anchor point="TOPLEFT"/>
					</Anchors>
				</Texture>
			</Layer>
		</Layers>
		<HighlightTexture file="Interface\FriendsFrame\InformationIcon-Highlight" alphaMode="ADD">
			<Anchors>
				<Anchor point="TOPLEFT" relativeTo="$parentTexture" relativePoint="TOPLEFT"/>
			</Anchors>
		</HighlightTexture>
		<Scripts>
			<OnMouseDown>
				_G[self:GetName().."Texture"]:SetPoint("TOPLEFT", 1, -1);
			</OnMouseDown>
			<OnMouseUp>
				_G[self:GetName().."Texture"]:SetPoint("TOPLEFT", 0, 0);
			</OnMouseUp>
			<OnClick>
				TabardAddictInfoButton_OnClick();
			</OnClick>
			<OnEnter>
				self:GetParent():LockHighlight();
			</OnEnter>
			<OnLeave>
				self:GetParent():UnlockHighlight();
				TabardAddictHideInfoButtons();
			</OnLeave>
		</Scripts>
	</Button>
	
	<Frame name="frameTabardAddict" inherits="ButtonFrameTemplate" toplevel="true" parent="UIParent" enableMouse="true" movable="true" hidden="true">
		<Anchors>
			<Anchor point="CENTER" relativePoint="CENTER" relativeTo="UIParent"/>
		</Anchors>
		<Layers>
			<Layer level="ARTWORK">
				<Texture name="$parent_taTabardEmblem" parentKey="taTabardEmblem" file="Interface\GuildFrame\GuildEmblemsLG_01">
					<Size x="64" y="64"/>
					<Anchors>
						<Anchor point="TOPLEFT" x="-8" y="9"/>
					</Anchors>
				</Texture>
			</Layer>
		    <Layer level="OVERLAY">
				<FontString name="$parent_taTitleText" parentKey="taTitleText" inherits="GameFontNormal">
					<Anchors>
						<Anchor point="TOP" x ="0" y ="-5"/>
					</Anchors>
				</FontString>
			</Layer>
		</Layers>
		<Frames>
				<ScrollFrame name="TabardAddictScrollBar" inherits="FauxScrollFrameTemplate" hidden="true">
					<Anchors>
						<Anchor point="TOPLEFT" x="5" y="-68"/>	
					</Anchors>
					<Size x="298" y="325" />
					<Scripts>
						<OnVerticalScroll>
							FauxScrollFrame_OnVerticalScroll(self, offset, 40, TabardAddictScrollBar_Update);
						</OnVerticalScroll>
						<OnShow>
							TabardAddictScrollBar_Update()
						</OnShow>
					</Scripts>
				</ScrollFrame>
				<ScrollFrame name="TabardAddictScrollBar2" inherits="FauxScrollFrameTemplate" hidden="true">
					<Anchors>
						<Anchor point="TOPLEFT" x="5" y="-68"/>	
					</Anchors>
					<Size x="298" y="325" />
					<Scripts>
						<OnVerticalScroll>
							FauxScrollFrame_OnVerticalScroll(self, offset, 40, TabardAddictScrollBar2_Update);
						</OnVerticalScroll>
						<OnShow>
							TabardAddictScrollBar2_Update()
						</OnShow>
					</Scripts>
				</ScrollFrame>
				
				<Button name="TabardAddictEntry1" inherits="TabardAddictEntryTemplate">
					<Anchors>
						<Anchor point="TOPLEFT" relativeTo="TabardAddictScrollBar" relativePoint="TOPLEFT">
							<Offset>
								<AbsDimension x="5" y="0"/>
							</Offset>
						</Anchor>
					</Anchors>
					<Scripts>
						<OnClick>
							if ( IsModifiedClick() ) then
								TabardAddictEntryButton_OnModifiedClick(1);
							end
						</OnClick>
						<OnUpdate>
							if ( MouseIsOver(self) ) then
								TabardAddictEntryButton_OnUpdate(1);
							end;
						</OnUpdate>
						<OnEnter>
							TabardAddictEntryButton_OnEnter(1);
						</OnEnter>
						<OnLeave>
							TabardAddictEntryButton_OnLeave();
						</OnLeave>
					</Scripts>
				</Button>
				<Button name="TabardAddictInfo1" inherits="TabardAddictEntryInfoTemplate" parent="TabardAddictEntry1" hidden="true" />
				<Button name="TabardAddictEntry2" inherits="TabardAddictEntryTemplate">
					<Anchors>
						<Anchor point="TOPLEFT" relativeTo="TabardAddictEntry1" relativePoint="BOTTOMLEFT"/>
					</Anchors>
					<Scripts>
						<OnClick>
							if ( IsModifiedClick() ) then
								TabardAddictEntryButton_OnModifiedClick(2);
							end
						</OnClick>
						<OnUpdate>
							if ( MouseIsOver(self) ) then
								TabardAddictEntryButton_OnUpdate(2);
							end;
						</OnUpdate>
						<OnEnter>
							TabardAddictEntryButton_OnEnter(2);
						</OnEnter>
						<OnLeave>
							TabardAddictEntryButton_OnLeave();
						</OnLeave>
					</Scripts>
				</Button>
				<Button name="TabardAddictInfo2" inherits="TabardAddictEntryInfoTemplate" parent="TabardAddictEntry2" hidden="true" />
				<Button name="TabardAddictEntry3" inherits="TabardAddictEntryTemplate">
					<Anchors>
						<Anchor point="TOPLEFT" relativeTo="TabardAddictEntry2" relativePoint="BOTTOMLEFT"/>
					</Anchors>
					<Scripts>
						<OnClick>
							if ( IsModifiedClick() ) then
								TabardAddictEntryButton_OnModifiedClick(3);
							end
						</OnClick>
						<OnUpdate>
							if ( MouseIsOver(self) ) then
								TabardAddictEntryButton_OnUpdate(3);
							end;
						</OnUpdate>
						<OnEnter>
							TabardAddictEntryButton_OnEnter(3);
						</OnEnter>
						<OnLeave>
							TabardAddictEntryButton_OnLeave();
						</OnLeave>
					</Scripts>
				</Button>
				<Button name="TabardAddictInfo3" inherits="TabardAddictEntryInfoTemplate" parent="TabardAddictEntry3" hidden="true" />
				<Button name="TabardAddictEntry4" inherits="TabardAddictEntryTemplate">
					<Anchors>
						<Anchor point="TOPLEFT" relativeTo="TabardAddictEntry3" relativePoint="BOTTOMLEFT"/>
					</Anchors>
					<Scripts>
						<OnClick>
							if ( IsModifiedClick() ) then
								TabardAddictEntryButton_OnModifiedClick(4);
							end
						</OnClick>
						<OnUpdate>
							if ( MouseIsOver(self) ) then
								TabardAddictEntryButton_OnUpdate(4);
							end;
						</OnUpdate>
						<OnEnter>
							TabardAddictEntryButton_OnEnter(4);
						</OnEnter>
						<OnLeave>
							TabardAddictEntryButton_OnLeave();
						</OnLeave>
					</Scripts>
				</Button>
				<Button name="TabardAddictInfo4" inherits="TabardAddictEntryInfoTemplate" parent="TabardAddictEntry4" hidden="true" />
				<Button name="TabardAddictEntry5" inherits="TabardAddictEntryTemplate">
					<Anchors>
						<Anchor point="TOPLEFT" relativeTo="TabardAddictEntry4" relativePoint="BOTTOMLEFT"/>
					</Anchors>
					<Scripts>
						<OnClick>
							if ( IsModifiedClick() ) then
								TabardAddictEntryButton_OnModifiedClick(5);
							end
						</OnClick>
						<OnUpdate>
							if ( MouseIsOver(self) ) then
								TabardAddictEntryButton_OnUpdate(5);
							end;
						</OnUpdate>
						<OnEnter>
							TabardAddictEntryButton_OnEnter(5);
						</OnEnter>
						<OnLeave>
							TabardAddictEntryButton_OnLeave();
						</OnLeave>
					</Scripts>
				</Button>
				<Button name="TabardAddictInfo5" inherits="TabardAddictEntryInfoTemplate" parent="TabardAddictEntry5" hidden="true" />
				<Button name="TabardAddictEntry6" inherits="TabardAddictEntryTemplate">
					<Anchors>
						<Anchor point="TOPLEFT" relativeTo="TabardAddictEntry5" relativePoint="BOTTOMLEFT"/>
					</Anchors>
					<Scripts>
						<OnClick>
							if ( IsModifiedClick() ) then
								TabardAddictEntryButton_OnModifiedClick(6);
							end
						</OnClick>
						<OnUpdate>
							if ( MouseIsOver(self) ) then
								TabardAddictEntryButton_OnUpdate(6);
							end;
						</OnUpdate>
						<OnEnter>
							TabardAddictEntryButton_OnEnter(6);
						</OnEnter>
						<OnLeave>
							TabardAddictEntryButton_OnLeave();
						</OnLeave>
					</Scripts>
				</Button>
				<Button name="TabardAddictInfo6" inherits="TabardAddictEntryInfoTemplate" parent="TabardAddictEntry6" hidden="true" />
				<Button name="TabardAddictEntry7" inherits="TabardAddictEntryTemplate">
					<Anchors>
						<Anchor point="TOPLEFT" relativeTo="TabardAddictEntry6" relativePoint="BOTTOMLEFT"/>
					</Anchors>
					<Scripts>
						<OnClick>
							if ( IsModifiedClick() ) then
								TabardAddictEntryButton_OnModifiedClick(7);
							end
						</OnClick>
						<OnUpdate>
							if ( MouseIsOver(self) ) then
								TabardAddictEntryButton_OnUpdate(7);
							end;
						</OnUpdate>
						<OnEnter>
							TabardAddictEntryButton_OnEnter(7);
						</OnEnter>
						<OnLeave>
							TabardAddictEntryButton_OnLeave();
						</OnLeave>
					</Scripts>
				</Button>
				<Button name="TabardAddictInfo7" inherits="TabardAddictEntryInfoTemplate" parent="TabardAddictEntry7" hidden="true" />
				<Button name="TabardAddictEntry8" inherits="TabardAddictEntryTemplate">
					<Anchors>
						<Anchor point="TOPLEFT" relativeTo="TabardAddictEntry7" relativePoint="BOTTOMLEFT"/>
					</Anchors>
					<Scripts>
						<OnClick>
							if ( IsModifiedClick() ) then
								TabardAddictEntryButton_OnModifiedClick(8);
							end
						</OnClick>
						<OnUpdate>
							if ( MouseIsOver(self) ) then
								TabardAddictEntryButton_OnUpdate(8);
							end;
						</OnUpdate>
						<OnEnter>
							TabardAddictEntryButton_OnEnter(8);
						</OnEnter>
						<OnLeave>
							TabardAddictEntryButton_OnLeave();
						</OnLeave>
					</Scripts>
				</Button>
				<Button name="TabardAddictInfo8" inherits="TabardAddictEntryInfoTemplate" parent="TabardAddictEntry8" hidden="true" />
				
				<Button name="TabardAddictSugg1" inherits="TabardAddictEntryTemplate">
					<Anchors>
						<Anchor point="TOPLEFT" relativeTo="TabardAddictScrollBar2" relativePoint="TOPLEFT">
							<Offset>
								<AbsDimension x="5" y="0"/>
							</Offset>
						</Anchor>
					</Anchors>
					<Scripts>
						<OnClick>
							if ( IsModifiedClick() ) then
								TabardAddictSuggButton_OnModifiedClick(1);
							end
						</OnClick>
						<OnUpdate>
							if ( MouseIsOver(self) ) then
								TabardAddictSuggButton_OnUpdate(1);
							end;
						</OnUpdate>
						<OnEnter>
							TabardAddictSuggButton_OnEnter(1);
						</OnEnter>
						<OnLeave>
							TabardAddictSuggButton_OnLeave();
						</OnLeave>
					</Scripts>
				</Button>
				<Button name="TabardAddictSuggInfo1" inherits="TabardAddictEntryInfoTemplate" parent="TabardAddictSugg1" hidden="true" />
				<Button name="TabardAddictSugg2" inherits="TabardAddictEntryTemplate">
					<Anchors>
						<Anchor point="TOPLEFT" relativeTo="TabardAddictSugg1" relativePoint="BOTTOMLEFT"/>
					</Anchors>
					<Scripts>
						<OnClick>
							if ( IsModifiedClick() ) then
								TabardAddictSuggButton_OnModifiedClick(2);
							end
						</OnClick>
						<OnUpdate>
							if ( MouseIsOver(self) ) then
								TabardAddictSuggButton_OnUpdate(2);
							end;
						</OnUpdate>
						<OnEnter>
							TabardAddictSuggButton_OnEnter(2);
						</OnEnter>
						<OnLeave>
							TabardAddictSuggButton_OnLeave();
						</OnLeave>
					</Scripts>
				</Button>
				<Button name="TabardAddictSuggInfo2" inherits="TabardAddictEntryInfoTemplate" parent="TabardAddictSugg2" hidden="true" />
				<Button name="TabardAddictSugg3" inherits="TabardAddictEntryTemplate">
					<Anchors>
						<Anchor point="TOPLEFT" relativeTo="TabardAddictSugg2" relativePoint="BOTTOMLEFT"/>
					</Anchors>
					<Scripts>
						<OnClick>
							if ( IsModifiedClick() ) then
								TabardAddictSuggButton_OnModifiedClick(3);
							end
						</OnClick>
						<OnUpdate>
							if ( MouseIsOver(self) ) then
								TabardAddictSuggButton_OnUpdate(3);
							end;
						</OnUpdate>
						<OnEnter>
							TabardAddictSuggButton_OnEnter(3);
						</OnEnter>
						<OnLeave>
							TabardAddictSuggButton_OnLeave();
						</OnLeave>
					</Scripts>
				</Button>
				<Button name="TabardAddictSuggInfo3" inherits="TabardAddictEntryInfoTemplate" parent="TabardAddictSugg3" hidden="true" />
				<Button name="TabardAddictSugg4" inherits="TabardAddictEntryTemplate">
					<Anchors>
						<Anchor point="TOPLEFT" relativeTo="TabardAddictSugg3" relativePoint="BOTTOMLEFT"/>
					</Anchors>
					<Scripts>
						<OnClick>
							if ( IsModifiedClick() ) then
								TabardAddictSuggButton_OnModifiedClick(4);
							end
						</OnClick>
						<OnUpdate>
							if ( MouseIsOver(self) ) then
								TabardAddictSuggButton_OnUpdate(4);
							end;
						</OnUpdate>
						<OnEnter>
							TabardAddictSuggButton_OnEnter(4);
						</OnEnter>
						<OnLeave>
							TabardAddictSuggButton_OnLeave();
						</OnLeave>
					</Scripts>
				</Button>
				<Button name="TabardAddictSuggInfo4" inherits="TabardAddictEntryInfoTemplate" parent="TabardAddictSugg4" hidden="true" />
				<Button name="TabardAddictSugg5" inherits="TabardAddictEntryTemplate">
					<Anchors>
						<Anchor point="TOPLEFT" relativeTo="TabardAddictSugg4" relativePoint="BOTTOMLEFT"/>
					</Anchors>
					<Scripts>
						<OnClick>
							if ( IsModifiedClick() ) then
								TabardAddictSuggButton_OnModifiedClick(5);
							end
						</OnClick>
						<OnUpdate>
							if ( MouseIsOver(self) ) then
								TabardAddictSuggButton_OnUpdate(5);
							end;
						</OnUpdate>
						<OnEnter>
							TabardAddictSuggButton_OnEnter(5);
						</OnEnter>
						<OnLeave>
							TabardAddictSuggButton_OnLeave();
						</OnLeave>
					</Scripts>
				</Button>
				<Button name="TabardAddictSuggInfo5" inherits="TabardAddictEntryInfoTemplate" parent="TabardAddictSugg5" hidden="true" />
				<Button name="TabardAddictSugg6" inherits="TabardAddictEntryTemplate">
					<Anchors>
						<Anchor point="TOPLEFT" relativeTo="TabardAddictSugg5" relativePoint="BOTTOMLEFT"/>
					</Anchors>
					<Scripts>
						<OnClick>
							if ( IsModifiedClick() ) then
								TabardAddictSuggButton_OnModifiedClick(6);
							end
						</OnClick>
						<OnUpdate>
							if ( MouseIsOver(self) ) then
								TabardAddictSuggButton_OnUpdate(6);
							end;
						</OnUpdate>
						<OnEnter>
							TabardAddictSuggButton_OnEnter(6);
						</OnEnter>
						<OnLeave>
							TabardAddictSuggButton_OnLeave();
						</OnLeave>
					</Scripts>
				</Button>
				<Button name="TabardAddictSuggInfo6" inherits="TabardAddictEntryInfoTemplate" parent="TabardAddictSugg6" hidden="true" />
				<Button name="TabardAddictSugg7" inherits="TabardAddictEntryTemplate">
					<Anchors>
						<Anchor point="TOPLEFT" relativeTo="TabardAddictSugg6" relativePoint="BOTTOMLEFT"/>
					</Anchors>
					<Scripts>
						<OnClick>
							if ( IsModifiedClick() ) then
								TabardAddictSuggButton_OnModifiedClick(7);
							end
						</OnClick>
						<OnUpdate>
							if ( MouseIsOver(self) ) then
								TabardAddictSuggButton_OnUpdate(7);
							end;
						</OnUpdate>
						<OnEnter>
							TabardAddictSuggButton_OnEnter(7);
						</OnEnter>
						<OnLeave>
							TabardAddictSuggButton_OnLeave();
						</OnLeave>
					</Scripts>
				</Button>
				<Button name="TabardAddictSuggInfo7" inherits="TabardAddictEntryInfoTemplate" parent="TabardAddictSugg7" hidden="true" />
				<Button name="TabardAddictSugg8" inherits="TabardAddictEntryTemplate">
					<Anchors>
						<Anchor point="TOPLEFT" relativeTo="TabardAddictSugg7" relativePoint="BOTTOMLEFT"/>
					</Anchors>
					<Scripts>
						<OnClick>
							if ( IsModifiedClick() ) then
								TabardAddictSuggButton_OnModifiedClick(8);
							end
						</OnClick>
						<OnUpdate>
							if ( MouseIsOver(self) ) then
								TabardAddictSuggButton_OnUpdate(8);
							end;
						</OnUpdate>
						<OnEnter>
							TabardAddictSuggButton_OnEnter(8);
						</OnEnter>
						<OnLeave>
							TabardAddictSuggButton_OnLeave();
						</OnLeave>
					</Scripts>
				</Button>
				<Button name="TabardAddictSuggInfo8" inherits="TabardAddictEntryInfoTemplate" parent="TabardAddictSugg8" hidden="true" />
				
			<!-- Search Box -->	
			<EditBox name="$parentSearchBox" autoFocus="false" letters="25" parent="TabardAddictEntry1" hidden="true">
				<Size>
					<AbsDimension x="128" y="20"/>
				</Size>
				<Anchors>
					<Anchor point="TOPLEFT" relativeTo="frameTabardAddict" x="202" y="-426"/>
				</Anchors>
				<Layers>
					<Layer level="BACKGROUND">
						<Texture name="$parentLeft" urgency="5" file="Interface\Common\Common-Input-Border">
							<Size>
								<AbsDimension x="8" y="20"/>
							</Size>
							<Anchors>
								<Anchor point="TOPLEFT">
									<Offset x="-5" y="0"/>
								</Anchor>
							</Anchors>
							<TexCoords left="0" right="0.0625" top="0" bottom="0.625"/>
						</Texture>
						<Texture name="$parentRight" urgency="5" file="Interface\Common\Common-Input-Border">
							<Size>
								<AbsDimension x="8" y="20"/>
							</Size>
							<Anchors>
								<Anchor point="RIGHT">
									<Offset x="0" y="0"/>
								</Anchor>
							</Anchors>
							<TexCoords left="0.9375" right="1.0" top="0" bottom="0.625"/>
						</Texture>
						<Texture name="$parentMiddle" urgency="5" file="Interface\Common\Common-Input-Border">
							<Size>
								<AbsDimension x="0" y="20"/>
							</Size>
							<Anchors>
								<Anchor point="LEFT" relativeTo="$parentLeft" relativePoint="RIGHT"/>
								<Anchor point="RIGHT" relativeTo="$parentRight" relativePoint="LEFT"/>
							</Anchors>
							<TexCoords left="0.0625" right="0.9375" top="0" bottom="0.625"/>
						</Texture>
					</Layer>
					<Layer level="OVERLAY">
						<Texture name="$parentSearchIcon" file="Interface\Common\UI-Searchbox-Icon" parentKey="searchIcon">
							<Color r="0.7" g="0.7" b="0.7" />
							<Size>
								<AbsDimension x="14" y="14"/>
							</Size>
							<Anchors>
								<Anchor point="LEFT" y="-2"/>
							</Anchors>
						</Texture>
					</Layer>
				</Layers>
				<Scripts>
					<OnShow>
						self:SetText(SEARCH);
						self:SetFontObject("GameFontDisable");
						self.searchIcon:SetVertexColor(0.6, 0.6, 0.6);
						self:SetTextInsets(16, 0, 0, 0);
					</OnShow>
					<OnEditFocusLost>
						self:HighlightText(0, 0);
						if ( self:GetText() == "" ) then
							self:SetText(SEARCH);
							self:SetFontObject("GameFontDisable");
							self.searchIcon:SetVertexColor(0.6, 0.6, 0.6);
						end
					</OnEditFocusLost>
					<OnEditFocusGained>
						self:HighlightText();
						if ( self:GetText() == SEARCH ) then
							self:SetFontObject("ChatFontSmall");
							self.searchIcon:SetVertexColor(1.0, 1.0, 1.0);
						end
					</OnEditFocusGained>
					<OnEnterPressed function="EditBox_ClearFocus"/>
					<OnEscapePressed function="EditBox_ClearFocus"/>
					<OnTextChanged function="TabardAddict_OnTextChanged"/>
				</Scripts>
				<FontString inherits="ChatFontSmall"/>
			</EditBox>	
<!-- Main Tab - Tabards -->		
			<Frame name="TabardAddictTab1" hidden="true">
				<Anchors>
					<Anchor point="TOPLEFT" x="5" y="-68"/>	
				</Anchors>
				<Layers>
					<Layer level="OVERLAY">
						<FontString name="$parent_taTabardTotalText" parentKey="taTabardTotalText" inherits="GameFontNormalSmall">
							<Anchors>
								<Anchor point="BOTTOMLEFT" relativeto="frameTabardAddict" x ="10" y ="10" />
							</Anchors>
						</FontString>
						<FontString name="$parent_taTabardTotalShowing" parentKey="taTabardTotalShowing" inherits="GameFontNormalSmall">
							<Anchors>
								<Anchor point="LEFT" relativeto="$parent_taTabardTotalText" relativePoint="RIGHT" x ="8" y ="0" />
							</Anchors>
						</FontString>
						<FontString name="$parent_taDescText" parentKey="taDescText" inherits="GameFontHighlight">
							<Size x="250" y="38"/>
							<Anchors>
								<Anchor point="TOPLEFT" relativeto="frameTabardAddict" x="62" y="-23" />
							</Anchors>
						</FontString>
					</Layer>
					<Layer level="BACKGROUND">
						<Texture file="Interface\GuildFrame\GuildFrame">
							<Size x="298" y="330"/>
							<Anchors>
								<Anchor point="TOPLEFT" x="0" y="2"/>
							</Anchors>
							<TexCoords left="0.63183594" right="0.94531250" top="0.00195313" bottom="0.57226563"/>
						</Texture>
					</Layer>
					<Layer level="ARTWORK">
						<Texture name="$parentTabardScrollBarTop" file="Interface\PaperDollInfoFrame\UI-Character-ScrollBar">
							<Size>
								<AbsDimension x="31" y="256"/>
							</Size>
							<Anchors>
								<Anchor point="TOPLEFT" relativeto="frameTabardAddict" relativePoint="TOPRIGHT" >
									<Offset>
										<AbsDimension x="-37" y="-63"/>
									</Offset>
								</Anchor>
							</Anchors>
							<TexCoords left="0" right="0.484375" top="0" bottom="1.0"/>
						</Texture>
						<Texture name="$parentTabardScrollBarBottom" file="Interface\PaperDollInfoFrame\UI-Character-ScrollBar">
							<Size>
								<AbsDimension x="31" y="106"/>
							</Size>
							<Anchors>
								<Anchor point="BOTTOMLEFT" relativeto="frameTabardAddict" relativePoint="BOTTOMRIGHT">
									<Offset>
										<AbsDimension x="-37" y="29"/>
									</Offset>
								</Anchor>
							</Anchors>
							<TexCoords left="0.515625" right="1.0" top="0" bottom="0.4140625"/>
						</Texture>
					</Layer>
					<Layer level="BORDER">
						<Texture file="Interface\FriendsFrame\PlusManz-Horde" name="TabardAddictBGFaction" alpha="0.35" hidden="true">
							<Size x="144" y="144"/>
							<Anchors>
								<Anchor point="TOPRIGHT" relativeTo="$parent" x="0" y="-10"/>
							</Anchors>
						</Texture>
						<Texture file="Interface\GuildFrame\GuildFrame" name="TabardAddictBGFaction2" hidden="true">
							<Size x="113" y="144"/>
							<Anchors>
								<Anchor point="TOPRIGHT" relativeTo="$parent" x="-10" y="-10"/>
							</Anchors>
							<TexCoords left="0.31640625" right="0.42675781" top="0.60156250" bottom="0.88281250"/>
						</Texture>
					</Layer>
				</Layers>
				<Size x="298" y="325" />
			</Frame>
			<Button parent="TabardAddictTab1">
				<Size x="260" y="18"/>
				<Anchors>
					<Anchor point="BOTTOMLEFT" relativeto="frameTabardAddict" x ="10" y ="6" />
				</Anchors>
				<Layers>
					<Layer level="BACKGROUND">
						<Texture>
							<Color r=".5" g="0.694" b="0.941" a="0.0"/>
						</Texture>
					</Layer>
				</Layers>
				<Scripts>
					<OnEnter>
						TabardAddict_TotalText_OnEnter(self);
					</OnEnter>
					<OnLeave function="GameTooltip_Hide"/>
				</Scripts>
			</Button>
<!-- Second Tab - Config -->			
			<Frame name="TabardAddictTab2" hidden="true">
				<Layers>
						<Layer level="OVERLAY">
							<FontString name="$parent_taConfigDescText" parentKey="taConfigDescText" inherits="GameFontHighlight">
								<Size x="250" y="38"/>
								<Anchors>
									<Anchor point="TOPLEFT" x="50" y="-23" relativeto="frameTabardAddict"/>
								</Anchors>
							</FontString>
						</Layer>
						<Layer level="BACKGROUND">
							<Texture file="Interface\GuildFrame\GuildFrame">
								<Size x="319" y="332"/>
								<Anchors>
									<Anchor point="TOPLEFT" x="8" y="-64" relativeTo="frameTabardAddict" />	
								</Anchors>
								<TexCoords left="0.00097656" right="0.31445313" top="0.00195313" bottom="0.59765625"/>
							</Texture>
						</Layer>
						<Layer level="BACKGROUND" textureSubLevel="1">
							<Texture name="$parentHeader1" file="Interface\GuildFrame\GuildFrame">
								<Size x="319" y="22"/>
								<Anchors>
									<Anchor point="TOPLEFT" relativeTo="frameTabardAddict" relativePoint="TOPLEFT" x="8" y="-64"/>
								</Anchors>
								<TexCoords left="0.00097656" right="0.31445313" top="0.93164063" bottom="0.97460938"/>
							</Texture>
							<Texture name="$parentHeader2" file="Interface\GuildFrame\GuildFrame">
								<Size x="319" y="22"/>
								<Anchors>
									<Anchor point="TOPLEFT" relativeTo="frameTabardAddict" relativePoint="TOPLEFT" x="8" y="-230"/>
								</Anchors>
								<TexCoords left="0.00097656" right="0.31445313" top="0.93164063" bottom="0.97460938"/>
							</Texture>
							<Texture name="$parentHeader3" file="Interface\GuildFrame\GuildFrame">
								<Size x="319" y="22"/>
								<Anchors>
									<Anchor point="TOPLEFT" relativeTo="frameTabardAddict" relativePoint="TOPLEFT" x="8" y="-307"/>
								</Anchors>
								<TexCoords left="0.00097656" right="0.31445313" top="0.93164063" bottom="0.97460938"/>
							</Texture>
						</Layer>
						<Layer level="ARTWORK">
							<FontString parentKey="fsTabardTypes" inherits="GameFontNormal">
								<Size>
									<AbsDimension x="0" y="0"/>
								</Size>
								<Anchors>
									<Anchor point="LEFT" relativeTo="$parentHeader1" x="10" y="0"/>
								</Anchors>
							</FontString>
							<FontString parentKey="fsTabardFilter" inherits="GameFontNormal">
								<Size>
									<AbsDimension x="0" y="0"/>
								</Size>
								<Anchors>
									<Anchor point="LEFT" relativeTo="$parentHeader2" x="10" y="0"/>
								</Anchors>
							</FontString>
							<FontString parentKey="fsTabardSugg" inherits="GameFontNormal">
								<Size>
									<AbsDimension x="0" y="0"/>
								</Size>
								<Anchors>
									<Anchor point="LEFT" relativeTo="$parentHeader3" x="10" y="0"/>
								</Anchors>
							</FontString>
						</Layer>
				</Layers>
			</Frame>
			<CheckButton name="CheckButtonAO" inherits="InterfaceOptionsCheckButtonTemplate" parent="TabardAddictTab2">
				<Size x="24" y="24"/>
				<Anchors> 
					<Anchor point="TOPLEFT" relativeTo="$parentHeader2" relativePoint="TOPLEFT" x="17" y="-20" />
				</Anchors>
				<Layers>
					<Layer level="ARTWORK">
						<FontString parentKey="fs" inherits="SystemFont_Shadow_Small" justifyH="LEFT">
							<Size x="0" y="12"/>
							<Anchors>
								<Anchor point="TOPLEFT" relativeTo="CheckButtonAO" relativePoint="TOPRIGHT" x="0" y="-6"/>
							</Anchors>
						</FontString>
					</Layer>
				</Layers>
				<Scripts>
					<OnClick>
						TabardAddict_SetConfigVariables(self);
					</OnClick>
					<OnEnter>
						TabardAddict_ConfigOnEnter(self);
					</OnEnter>
					<OnLeave function="GameTooltip_Hide"/>
				</Scripts>
			</CheckButton>
			<CheckButton name="CheckButtonHO" inherits="InterfaceOptionsCheckButtonTemplate" parent="TabardAddictTab2">
				<Size x="24" y="24"/>
				<Anchors> 
					<Anchor point="TOPLEFT" relativeTo="CheckButtonAO" relativePoint="TOPLEFT" x="0" y="-17" />
				</Anchors>
				<Layers>
					<Layer level="ARTWORK">
						<FontString parentKey="fs" inherits="SystemFont_Shadow_Small" justifyH="LEFT">
							<Size x="0" y="12"/>
							<Anchors>
								<Anchor point="TOPLEFT" relativeTo="CheckButtonHO" relativePoint="TOPRIGHT" x="0" y="-6"/>
							</Anchors>
						</FontString>
					</Layer>
				</Layers>
				<Scripts>
					<OnClick>
						TabardAddict_SetConfigVariables(self);
					</OnClick>
					<OnEnter>
						TabardAddict_ConfigOnEnter(self);
					</OnEnter>
					<OnLeave function="GameTooltip_Hide"/>
				</Scripts>
			</CheckButton>
			<CheckButton name="CheckButtonEQ" inherits="InterfaceOptionsCheckButtonTemplate" parent="TabardAddictTab2">
				<Size x="24" y="24"/>
				<Anchors> 
					<Anchor point="TOPLEFT" relativeTo="CheckButtonHO" relativePoint="TOPLEFT" x="0" y="-17" />
				</Anchors>
				<Layers>
					<Layer level="ARTWORK">
						<FontString parentKey="fs" inherits="SystemFont_Shadow_Small" justifyH="LEFT">
							<Size x="0" y="12"/>
							<Anchors>
								<Anchor point="TOPLEFT" relativeTo="CheckButtonEQ" relativePoint="TOPRIGHT" x="0" y="-6"/>
							</Anchors>
						</FontString>
					</Layer>
				</Layers>
				<Scripts>
					<OnClick>
						TabardAddict_SetConfigVariables(self);
					</OnClick>
					<OnEnter>
						TabardAddict_ConfigOnEnter(self);
					</OnEnter>
					<OnLeave function="GameTooltip_Hide"/>
				</Scripts>
			</CheckButton>
			
			<CheckButton name="CheckButtonPVP" inherits="InterfaceOptionsCheckButtonTemplate" parent="TabardAddictTab2">
				<Size x="24" y="24"/>
				<Anchors> 
					<Anchor point="TOPLEFT" relativeTo="$parentHeader1" relativePoint="TOPLEFT" x="17" y="-20" />
				</Anchors>  
				<Layers>
					<Layer level="ARTWORK">
						<FontString parentKey="fs" inherits="SystemFont_Shadow_Small" justifyH="LEFT">
							<Size x="0" y="12"/>
							<Anchors>
								<Anchor point="TOPLEFT" relativeTo="CheckButtonPVP" relativePoint="TOPRIGHT" x="0" y="-6"/>
							</Anchors>
						</FontString>
					</Layer>
				</Layers>
				<Scripts>
					<OnClick>
						TabardAddict_SetConfigVariables(self);
					</OnClick>
					<OnEnter>
						TabardAddict_ConfigOnEnter(self);
					</OnEnter>
					<OnLeave function="GameTooltip_Hide"/>
				</Scripts>
			</CheckButton>
			<CheckButton name="CheckButtonBCF" inherits="InterfaceOptionsCheckButtonTemplate" parent="TabardAddictTab2">
				<Size x="24" y="24"/>
				<Anchors> 
					<Anchor point="TOPLEFT" relativeTo="CheckButtonPVP" relativePoint="TOPLEFT" x="0" y="-17" />
				</Anchors>  
				<Layers>
					<Layer level="ARTWORK">
						<FontString parentKey="fs" inherits="SystemFont_Shadow_Small" justifyH="LEFT">
							<Size x="0" y="12"/>
							<Anchors>
								<Anchor point="TOPLEFT" relativeTo="CheckButtonBCF" relativePoint="TOPRIGHT" x="0" y="-6"/>
							</Anchors>
						</FontString>
					</Layer>
				</Layers>
				<Scripts>
					<OnClick>
						TabardAddict_SetConfigVariables(self);
					</OnClick>
					<OnEnter>
						TabardAddict_ConfigOnEnter(self);
					</OnEnter>
					<OnLeave function="GameTooltip_Hide"/>
				</Scripts>
			</CheckButton>
			<CheckButton name="CheckButtonWotLKF" inherits="InterfaceOptionsCheckButtonTemplate" parent="TabardAddictTab2">
				<Size x="24" y="24"/>
				<Anchors> 
					<Anchor point="TOPLEFT" relativeTo="CheckButtonBCF" relativePoint="TOPLEFT" x="0" y="-17" />
				</Anchors>  
				<Layers>
					<Layer level="ARTWORK">
						<FontString parentKey="fs" inherits="SystemFont_Shadow_Small" justifyH="LEFT">
							<Size x="0" y="12"/>
							<Anchors>
								<Anchor point="TOPLEFT" relativeTo="CheckButtonWotLKF" relativePoint="TOPRIGHT" x="0" y="-6"/>
							</Anchors>
						</FontString>
					</Layer>
				</Layers>
				<Scripts>
					<OnClick>
						TabardAddict_SetConfigVariables(self);
					</OnClick>
					<OnEnter>
						TabardAddict_ConfigOnEnter(self);
					</OnEnter>
					<OnLeave function="GameTooltip_Hide"/>
				</Scripts>
			</CheckButton>
			<CheckButton name="CheckButtonATF" inherits="InterfaceOptionsCheckButtonTemplate" parent="TabardAddictTab2">
				<Size x="24" y="24"/>
				<Anchors> 
					<Anchor point="TOPLEFT" relativeTo="CheckButtonWotLKF" relativePoint="TOPLEFT" x="0" y="-17" />
				</Anchors>  
				<Layers>
					<Layer level="ARTWORK">
						<FontString parentKey="fs" inherits="SystemFont_Shadow_Small" justifyH="LEFT">
							<Size x="0" y="12"/>
							<Anchors>
								<Anchor point="TOPLEFT" relativeTo="CheckButtonATF" relativePoint="TOPRIGHT" x="0" y="-6"/>
							</Anchors>
						</FontString>
					</Layer>
				</Layers>
				<Scripts>
					<OnClick>
						TabardAddict_SetConfigVariables(self);
					</OnClick>
					<OnEnter>
						TabardAddict_ConfigOnEnter(self);
					</OnEnter>
					<OnLeave function="GameTooltip_Hide"/>
				</Scripts>
			</CheckButton>
			<CheckButton name="CheckButtonCF" inherits="InterfaceOptionsCheckButtonTemplate" parent="TabardAddictTab2">
				<Size x="24" y="24"/>
				<Anchors> 
					<Anchor point="TOPLEFT" relativeTo="CheckButtonATF" relativePoint="TOPLEFT" x="0" y="-17" />
				</Anchors>  
				<Layers>
					<Layer level="ARTWORK">
						<FontString parentKey="fs" inherits="SystemFont_Shadow_Small" justifyH="LEFT">
							<Size x="0" y="12"/>
							<Anchors>
								<Anchor point="TOPLEFT" relativeTo="CheckButtonCF" relativePoint="TOPRIGHT" x="0" y="-6"/>
							</Anchors>
						</FontString>
					</Layer>
				</Layers>
				<Scripts>
					<OnClick>
						TabardAddict_SetConfigVariables(self);
					</OnClick>
					<OnEnter>
						TabardAddict_ConfigOnEnter(self);
					</OnEnter>
					<OnLeave function="GameTooltip_Hide"/>
				</Scripts>
			</CheckButton>
			<CheckButton name="CheckButtonTCG" inherits="InterfaceOptionsCheckButtonTemplate" parent="TabardAddictTab2">
				<Size x="24" y="24"/>
				<Anchors> 
					<Anchor point="TOPLEFT" relativeTo="CheckButtonCF" relativePoint="TOPLEFT" x="0" y="-17" />
				</Anchors>
				<Layers>
					<Layer level="ARTWORK">
						<FontString parentKey="fs" inherits="SystemFont_Shadow_Small" justifyH="LEFT">
							<Size x="0" y="12"/>
							<Anchors>
								<Anchor point="TOPLEFT" relativeTo="CheckButtonTCG" relativePoint="TOPRIGHT" x="0" y="-6"/>
							</Anchors>
						</FontString>
					</Layer>
				</Layers>
				<Scripts>
					<OnClick>
						TabardAddict_SetConfigVariables(self);
					</OnClick>
					<OnEnter>
						TabardAddict_ConfigOnEnter(self);
					</OnEnter>
					<OnLeave function="GameTooltip_Hide"/>
				</Scripts>
			</CheckButton>
			
			<CheckButton name="CheckButtonNA" inherits="InterfaceOptionsCheckButtonTemplate" parent="TabardAddictTab2">
				<Size x="24" y="24"/>
				<Anchors> 
					<Anchor point="TOPLEFT" relativeTo="CheckButtonTCG" relativePoint="TOPLEFT" x="0" y="-17" />
				</Anchors>
				<Layers>
					<Layer level="ARTWORK">
						<FontString parentKey="fs" inherits="SystemFont_Shadow_Small" justifyH="LEFT">
							<Size x="0" y="12"/>
							<Anchors>
								<Anchor point="TOPLEFT" relativeTo="CheckButtonNA" relativePoint="TOPRIGHT" x="0" y="-6"/>
							</Anchors>
						</FontString>
					</Layer>
				</Layers>
				<Scripts>
					<OnClick>
						TabardAddict_SetConfigVariables(self);
					</OnClick>
					<OnEnter>
						TabardAddict_ConfigOnEnter(self);
					</OnEnter>
					<OnLeave function="GameTooltip_Hide"/>
				</Scripts>
			</CheckButton>
			<CheckButton name="CheckButtonOther" inherits="InterfaceOptionsCheckButtonTemplate" parent="TabardAddictTab2">
				<Size x="24" y="24"/>
				<Anchors> 
					<Anchor point="TOPLEFT" relativeTo="CheckButtonNA" relativePoint="TOPLEFT" x="0" y="-17" />
				</Anchors>  
				<Layers>
					<Layer level="ARTWORK">
						<FontString parentKey="fs" inherits="SystemFont_Shadow_Small" justifyH="LEFT">
							<Size x="0" y="12"/>
							<Anchors>
								<Anchor point="TOPLEFT" relativeTo="CheckButtonOther" relativePoint="TOPRIGHT" x="0" y="-6"/>
							</Anchors>
						</FontString>
					</Layer>
				</Layers>
				<Scripts>
					<OnClick>
						TabardAddict_SetConfigVariables(self);
					</OnClick>
					<OnEnter>
						TabardAddict_ConfigOnEnter(self);
					</OnEnter>
					<OnLeave function="GameTooltip_Hide"/>
				</Scripts>
			</CheckButton>
			<CheckButton name="CheckButtonSuggAch" inherits="InterfaceOptionsCheckButtonTemplate" parent="TabardAddictTab2">
				<Size x="24" y="24"/>
				<Anchors> 
					<Anchor point="TOPLEFT" relativeTo="$parentHeader3" relativePoint="TOPLEFT" x="17" y="-20" />
				</Anchors>  
				<Layers>
					<Layer level="ARTWORK">
						<FontString parentKey="fs" inherits="SystemFont_Shadow_Small" justifyH="LEFT">
							<Size x="0" y="12"/>
							<Anchors>
								<Anchor point="TOPLEFT" relativeTo="CheckButtonSuggAch" relativePoint="TOPRIGHT" x="0" y="-6"/>
							</Anchors>
						</FontString>
					</Layer>
				</Layers>
				<Scripts>
					<OnClick>
						TabardAddict_SetConfigVariables(self);
					</OnClick>
					<OnEnter>
						TabardAddict_ConfigOnEnter(self);
					</OnEnter>
					<OnLeave function="GameTooltip_Hide"/>
				</Scripts>
			</CheckButton>
			<CheckButton name="CheckButtonSuggQst" inherits="InterfaceOptionsCheckButtonTemplate" parent="TabardAddictTab2">
				<Size x="24" y="24"/>
				<Anchors> 
					<Anchor point="TOPLEFT" relativeTo="CheckButtonSuggAch" relativePoint="TOPLEFT" x="0" y="-17" />
				</Anchors>  
				<Layers>
					<Layer level="ARTWORK">
						<FontString parentKey="fs" inherits="SystemFont_Shadow_Small" justifyH="LEFT">
							<Size x="0" y="12"/>
							<Anchors>
								<Anchor point="TOPLEFT" relativeTo="CheckButtonSuggQst" relativePoint="TOPRIGHT" x="0" y="-6"/>
							</Anchors>
						</FontString>
					</Layer>
				</Layers>
				<Scripts>
					<OnClick>
						TabardAddict_SetConfigVariables(self);
					</OnClick>
					<OnEnter>
						TabardAddict_ConfigOnEnter(self);
					</OnEnter>
					<OnLeave function="GameTooltip_Hide"/>
				</Scripts>
			</CheckButton>
			<CheckButton name="CheckButtonSuggCur" inherits="InterfaceOptionsCheckButtonTemplate" parent="TabardAddictTab2">
				<Size x="24" y="24"/>
				<Anchors> 
					<Anchor point="TOPLEFT" relativeTo="CheckButtonSuggQst" relativePoint="TOPLEFT" x="0" y="-17" />
				</Anchors>  
				<Layers>
					<Layer level="ARTWORK">
						<FontString parentKey="fs" inherits="SystemFont_Shadow_Small" justifyH="LEFT">
							<Size x="0" y="12"/>
							<Anchors>
								<Anchor point="TOPLEFT" relativeTo="CheckButtonSuggCur" relativePoint="TOPRIGHT" x="0" y="-6"/>
							</Anchors>
						</FontString>
					</Layer>
				</Layers>
				<Scripts>
					<OnClick>
						TabardAddict_SetConfigVariables(self);
					</OnClick>
					<OnEnter>
						TabardAddict_ConfigOnEnter(self);
					</OnEnter>
					<OnLeave function="GameTooltip_Hide"/>
				</Scripts>
			</CheckButton>
			
<!-- Third Tab - About -->
			<Frame name="TabardAddictTab3" hidden="true">
				<Layers>
						<Layer level="OVERLAY">
							<FontString name="$parent_taAboutDescText" parentKey="taAboutDescText" inherits="GameFontHighlight">
								<Size x="250" y="38"/>
								<Anchors>
									<Anchor point="TOPLEFT" x="50" y="-20" relativeTo="frameTabardAddict"/>
								</Anchors>
							</FontString>
						</Layer>
						<Layer level="BACKGROUND">
							<Texture file="Interface\GuildFrame\GuildFrame">
								<Size x="319" y="332"/>
								<Anchors>
									<Anchor point="TOPLEFT" x="8" y="-64" relativeTo="frameTabardAddict" />	
								</Anchors>
								<TexCoords left="0.00097656" right="0.31445313" top="0.00195313" bottom="0.59765625"/>
							</Texture>
						</Layer>
						<Layer level="BACKGROUND" textureSubLevel="1">
							<Texture name="$parentHeader1" file="Interface\GuildFrame\GuildFrame">
								<Size x="319" y="22"/>
								<Anchors>
									<Anchor point="TOPLEFT" relativeTo="frameTabardAddict" relativePoint="TOPLEFT" x="8" y="-64"/>
								</Anchors>
								<TexCoords left="0.00097656" right="0.31445313" top="0.93164063" bottom="0.97460938"/>
							</Texture>
						</Layer>
						<Layer level="ARTWORK">
							<FontString parentKey="hdr1" inherits="GameFontNormal">
								<Size>
									<AbsDimension x="0" y="0"/>
								</Size>
								<Anchors>
									<Anchor point="LEFT" relativeTo="$parentHeader1" x="10" y="0"/>
								</Anchors>
							</FontString>
							<FontString name="TabardAddictAboutInfo" inherits="GameFontNormalSmall" justifyH="LEFT" justifyV="TOP" spacing="2">
								<Size>
									<AbsDimension x="291" y="300"/>
								</Size>
								<Anchors>
									<Anchor point="TOPLEFT" relativeTo="$parentHeader1" relativePoint="BOTTOMLEFT" x="14" y="-5"/>
								</Anchors>
								<Color r="1" g="1" b="1"/>
							</FontString>
							<FontString name="$parent_taVersionText" parentKey="taVersionText" inherits="GameFontWhiteTiny">
								<Anchors>
									<Anchor point="TOPLEFT" relativeTo="frameTabardAddict" x="158" y="-47"/>
								</Anchors>
							</FontString>
						</Layer>
				</Layers>
			</Frame>
<!-- Fourth Tab - Suggestions -->	
			<Frame name="TabardAddictTab4" hidden="true">
				<Anchors>
					<Anchor point="TOPLEFT" x="5" y="-68"/>	
				</Anchors>
				<Layers>
					<Layer level="OVERLAY">
						<FontString name="$parent_taTabardTotalText" parentKey="taTabardTotalText" inherits="GameFontNormalSmall">
							<Anchors>
								<Anchor point="BOTTOMLEFT" relativeto="frameTabardAddict" x ="10" y ="10" />
							</Anchors>
						</FontString>
						<FontString name="$parent_taTabardTotalShowing" parentKey="taTabardTotalShowing" inherits="GameFontNormalSmall">
							<Anchors>
								<Anchor point="LEFT" relativeto="$parent_taTabardTotalText" relativePoint="RIGHT" x ="8" y ="0" />
							</Anchors>
						</FontString>
						<FontString name="$parent_taDescText" parentKey="taSuggestDescText" inherits="GameFontHighlight">
							<Size x="250" y="38"/>
							<Anchors>
								<Anchor point="TOPLEFT" relativeto="frameTabardAddict" x="62" y="-23" />
							</Anchors>
						</FontString>
					</Layer>
					<Layer level="BACKGROUND">
						<Texture file="Interface\GuildFrame\GuildFrame">
							<Size x="298" y="330"/>
							<Anchors>
								<Anchor point="TOPLEFT" x="0" y="2"/>
							</Anchors>
							<TexCoords left="0.63183594" right="0.94531250" top="0.00195313" bottom="0.57226563"/>
						</Texture>
					</Layer>
					<Layer level="ARTWORK">
						<Texture name="$parentTabardScrollBarTop" file="Interface\PaperDollInfoFrame\UI-Character-ScrollBar">
							<Size>
								<AbsDimension x="31" y="256"/>
							</Size>
							<Anchors>
								<Anchor point="TOPLEFT" relativeto="frameTabardAddict" relativePoint="TOPRIGHT" >
									<Offset>
										<AbsDimension x="-37" y="-63"/>
									</Offset>
								</Anchor>
							</Anchors>
							<TexCoords left="0" right="0.484375" top="0" bottom="1.0"/>
						</Texture>
						<Texture name="$parentTabardScrollBarBottom" file="Interface\PaperDollInfoFrame\UI-Character-ScrollBar">
							<Size>
								<AbsDimension x="31" y="106"/>
							</Size>
							<Anchors>
								<Anchor point="BOTTOMLEFT" relativeto="frameTabardAddict" relativePoint="BOTTOMRIGHT">
									<Offset>
										<AbsDimension x="-37" y="29"/>
									</Offset>
								</Anchor>
							</Anchors>
							<TexCoords left="0.515625" right="1.0" top="0" bottom="0.4140625"/>
						</Texture>
					</Layer>
					<Layer level="BORDER">
						<Texture file="Interface\FriendsFrame\PlusManz-Horde" name="TabardAddictBGFactionSugg" alpha="0.35" hidden="true">
							<Size x="144" y="144"/>
							<Anchors>
								<Anchor point="TOPRIGHT" relativeTo="$parent" x="0" y="-10"/>
							</Anchors>
						</Texture>
						<Texture file="Interface\GuildFrame\GuildFrame" name="TabardAddictBGFactionSugg2" hidden="true">
							<Size x="113" y="144"/>
							<Anchors>
								<Anchor point="TOPRIGHT" relativeTo="$parent" x="-10" y="-10"/>
							</Anchors>
							<TexCoords left="0.31640625" right="0.42675781" top="0.60156250" bottom="0.88281250"/>
						</Texture>
					</Layer>
				</Layers>
				<Size x="298" y="325" />
			</Frame>
			<Button parent="TabardAddictTab4">
				<Size x="260" y="18"/>
				<Anchors>
					<Anchor point="BOTTOMLEFT" relativeto="frameTabardAddict" x ="10" y ="6" />
				</Anchors>
				<Layers>
					<Layer level="BACKGROUND">
						<Texture>
							<Color r=".5" g="0.694" b="0.941" a="0.0"/>
						</Texture>
					</Layer>
				</Layers>
				<Scripts>
					<OnEnter>
						TabardAddict_TotalText_OnEnter(self);
					</OnEnter>
					<OnLeave function="GameTooltip_Hide"/>
				</Scripts>
			</Button>
			
			<Button name="$parentTab1" parentKey="Tab1Label" inherits="FriendsFrameTabTemplate" id="1">
				<Anchors>
					<Anchor point="BOTTOMLEFT">
						<Offset>
							<AbsDimension x="-3" y="-30" />
						</Offset>
					</Anchor>
				</Anchors>
				<Scripts>
					<OnClick>
						TabardAddictTab_OnClick(self, 1);
					</OnClick>
					<OnEnter>
						GameTooltip:SetOwner(self, "ANCHOR_RIGHT");
						GameTooltip:SetText(TabardAddictLocalization["TAB1_LABEL"], 1.0,1.0,1.0 );
					</OnEnter>
					<OnLeave function="GameTooltip_Hide"/>
				</Scripts>
			</Button>
			<Button name="$parentTab4" parentKey="Tab4Label" inherits="FriendsFrameTabTemplate" id="4">
				<Anchors>
					<Anchor point="LEFT" relativeTo="$parentTab1" relativePoint="RIGHT">
						<Offset>
							<AbsDimension x="-18" y="0" />
						</Offset>
					</Anchor>
				</Anchors>
				<Scripts>
					<OnClick>
						TabardAddictTab_OnClick(self, 4);
					</OnClick>
					<OnEnter>
						GameTooltip:SetOwner(self, "ANCHOR_RIGHT");
						GameTooltip:SetText(TabardAddictLocalization["TAB4_LABEL"], 1.0,1.0,1.0 );
					</OnEnter>
					<OnLeave function="GameTooltip_Hide"/>
				</Scripts>
			</Button>
			<Button name="$parentTab2" parentKey="Tab2Label" inherits="FriendsFrameTabTemplate" id="2">
				<Anchors>
					<Anchor point="LEFT" relativeTo="$parentTab4" relativePoint="RIGHT">
						<Offset>
							<AbsDimension x="-18" y="0" />
						</Offset>
					</Anchor>
				</Anchors>
				<Scripts>
					<OnClick>
						TabardAddictTab_OnClick(self, 2);
					</OnClick>
					<OnEnter>
						GameTooltip:SetOwner(self, "ANCHOR_RIGHT");
						GameTooltip:SetText(TabardAddictLocalization["TAB2_LABEL"], 1.0,1.0,1.0 );
					</OnEnter>
					<OnLeave function="GameTooltip_Hide"/>
				</Scripts>
			</Button>
			<Button name="$parentTab3" parentKey="Tab3Label" inherits="FriendsFrameTabTemplate" id="3">
				<Anchors>
					<Anchor point="LEFT" relativeTo="$parentTab2" relativePoint="RIGHT">
						<Offset>
							<AbsDimension x="-18" y="0" />
						</Offset>
					</Anchor>
				</Anchors>
				<Scripts>
					<OnClick>
						TabardAddictTab_OnClick(self, 3);
					</OnClick>
					<OnEnter>
						GameTooltip:SetOwner(self, "ANCHOR_RIGHT");
						GameTooltip:SetText(TabardAddictLocalization["TAB3_LABEL"], 1.0,1.0,1.0 );
					</OnEnter>
					<OnLeave function="GameTooltip_Hide"/>
				</Scripts>
			</Button>
		</Frames>
		<Scripts>
			<OnLoad>TabardAddict_OnLoad(self)</OnLoad>
			<OnDragStart>self:StartMoving()</OnDragStart>
			<OnDragStop>self:StopMovingOrSizing()</OnDragStop>
			<OnShow> TabardAddict_OnShow(self)</OnShow>
			<OnHide>TabardAddict_OnHide(self)</OnHide>
			<OnEvent>TabardAddict_OnEvent(self, event, ...)</OnEvent>
		</Scripts>
	</Frame>

</Ui>