﻿<Ui xmlns="http://www.blizzard.com/wow/ui/" xmlns:xsi="http://www.w3.org/2001/XMLSchema-instance" xsi:schemaLocation="http://www.blizzard.com/wow/ui/ ..\..\FrameXML\UI.xsd">

	<Frame name="TabardAddictInfoFrame" enableMouse="true" hidden="true" parent="frameTabardAddict">
		<Size>
			<AbsDimension x="270" y="281"/>
		</Size>
		<Anchors>
			<Anchor point="TOPLEFT" relativeTo="frameTabardAddict" relativePoint="TOPRIGHT">
				<Offset>
					<AbsDimension x="0" y="-28"/>
				</Offset>
			</Anchor>
		</Anchors>
		<Backdrop bgFile="Interface\DialogFrame\UI-DialogBox-Background" edgeFile="Interface\Tooltips\UI-Tooltip-Border" tile="true">
			<BackgroundInsets>
				<AbsInset left="3" right="3" top="3" bottom="3"/>
			</BackgroundInsets>
			<TileSize>
				<AbsValue val="32"/>
			</TileSize>
			<EdgeSize>
				<AbsValue val="16"/>
			</EdgeSize>
		</Backdrop>
		<Layers>
			<Layer level="ARTWORK">
				<FontString name="$parent_TabardAddictInfoName" parentKey="TabardAddictInfoName" inherits="GameFontNormal" justifyH="LEFT">
					<Size>
						<AbsDimension x="240" y="10"/>
					</Size>
					<Anchors>
						<Anchor point="TOPLEFT">
							<Offset>
								<AbsDimension x="12" y="-11"/>
							</Offset>
						</Anchor>
					</Anchors>
				</FontString>
				<Texture name="$parentInfoIconTexture" file="Interface\FriendsFrame\InformationIcon">
					<Anchors>
						<Anchor point="TOPLEFT" relativeTo="$parent_TabardAddictInfoName" relativePoint="BOTTOMLEFT">
							<Offset>
								<AbsDimension x="0" y="-6"/>
							</Offset>
						</Anchor>
					</Anchors>
				</Texture>
			</Layer>
		</Layers>
		<Frames>
			<Button name="TabardAddictInfoCloseButton" inherits="UIPanelCloseButton">
				<Anchors>
					<Anchor point="TOPRIGHT">
						<Offset>
							<AbsDimension x="3" y="3"/>
						</Offset>
					</Anchor>
				</Anchors>
				<Scripts>
					<PostClick>
						PlaySound("igInventoryRotateCharacter");
					</PostClick>
				</Scripts>
			</Button>
			<EditBox name="$parentEditBox" parentKey="EditBox" letters="40" autofocus="false">
				<Size>
					<AbsDimension x="220" y="20"></AbsDimension>
				</Size>
				<Anchors>
					<Anchor point="TOPLEFT" relativeTo="$parentInfoIconTexture" relativePoint="TOPRIGHT">
						<Offset>
							<AbsDimension x="8" y="1"></AbsDimension>
						</Offset>
					</Anchor>
				</Anchors>
				<Layers>
					<Layer level="BACKGROUND">
						<Texture name="$parentLeft" urgency="5" file="Interface\Common\Common-Input-Border">
							<Size>
								<AbsDimension x="8" y="20"/>
							</Size>
							<Anchors>
								<Anchor point="LEFT">
									<Offset x="-5" y="0"/>
								</Anchor>
							</Anchors>
							<TexCoords left="0" right="0.0625" top="0" bottom="0.625"/>
						</Texture>
						<Texture name="$parentRight" urgency="5" file="Interface\Common\Common-Input-Border">
							<Size>
								<AbsDimension x="8" y="20"/>
							</Size>
							<Anchors>
								<Anchor point="RIGHT">
									<Offset x="5" y="0"/>
								</Anchor>
							</Anchors>
							<TexCoords left="0.9375" right="1.0" top="0" bottom="0.625"/>
						</Texture>
						<Texture name="$parentMiddle" urgency="5" file="Interface\Common\Common-Input-Border">
							<Size>
								<AbsDimension x="0" y="20"/>
							</Size>
							<Anchors>
								<Anchor point="LEFT" relativeTo="$parentLeft" relativePoint="RIGHT"/>
								<Anchor point="RIGHT" relativeTo="$parentRight" relativePoint="LEFT"/>
							</Anchors>
							<TexCoords left="0.0625" right="0.9375" top="0" bottom="0.625"/>
						</Texture>
					</Layer>
				</Layers>
				<Scripts>
					<OnLoad></OnLoad>
					<OnEnter>
						self:SetFocus();
					</OnEnter>
					<OnEnterPressed function="EditBox_ClearFocus"/>
					<OnEscapePressed function="EditBox_ClearFocus"/>
					<OnEditFocusGained>
						self:HighlightText();
						self:SetCursorPosition(self:GetNumLetters());
					</OnEditFocusGained>
				</Scripts>
				<FontString inherits="ChatFontNormal"></FontString>
			</EditBox>
			<DressUpModel name="TabardAddictDressUpModel" scale="1.0" inherits="ModelWithControlsTemplate">
				<Size>
                    <AbsDimension x="245" y="210"/>
                </Size>
				<Layers>
					<Layer level="BACKGROUND">
                        <Texture setAllPoints="true">
                            <Color r="0.302" g="0.102" b="0.204" a="0.3"/>
                        </Texture>
						<Texture name="TADressUpBackgroundTop">
							<Size>
								<AbsDimension x="245" y="210"/>
							</Size>
							<Anchors>
								<Anchor point="TOPLEFT">
									<Offset>
										<AbsDimension x="0" y="0"/>
									</Offset>
								</Anchor>
							</Anchors>
							<TexCoords left=".05" right="1" top=".18" bottom="1"/>
						</Texture>
					</Layer>
				</Layers>
				<Anchors>
                    <Anchor point="TOPLEFT" relativeTo="$parentInfoIconTexture" relativePoint="BOTTOMLEFT">
						<Offset>
							<AbsDimension x="0" y="-8"/>
						</Offset>
					</Anchor>
                </Anchors>
				<Scripts>
					<OnLoad>
						Model_OnLoad(self, 0.9, 0, 0);
						SetTADressUpBackground();
                    </OnLoad>
                </Scripts>
			</DressUpModel>
			<CheckButton name="CheckButtonInfoDressUp" inherits="InterfaceOptionsCheckButtonTemplate">
				<Size x="20" y="20"/>
				<Anchors> 
					<Anchor point="TOPLEFT" relativeTo="TabardAddictDressUpModel" relativePoint="BOTTOMLEFT" x="-2" y="2" />
				</Anchors>
				<Layers>
					<Layer level="ARTWORK">
						<FontString parentKey="fs" inherits="SystemFont_Shadow_Small" justifyH="LEFT">
							<Size x="0" y="12"/>
							<Anchors>
								<Anchor point="TOPLEFT" relativeTo="CheckButtonInfoDressUp" relativePoint="TOPRIGHT" x="0" y="-3"/>
							</Anchors>
						</FontString>
					</Layer>
				</Layers>
				<Scripts>
					<OnClick>
						TabardAddict_InfoFrameShowEquipment_OnClick(self);
					</OnClick>
					<OnEnter>
						TabardAddict_ConfigOnEnter(self);
					</OnEnter>
					<OnLeave function="GameTooltip_Hide"/>
				</Scripts>
			</CheckButton>
		</Frames>
		<Scripts>
			<OnEnter>
				self.EditBox:SetFocus();
			</OnEnter>
			<OnLeave>
				self.EditBox:HighlightText(0,0);
				self.EditBox:ClearFocus();
			</OnLeave>
		</Scripts>
	</Frame>
	
</Ui>