﻿<Ui xmlns="http://www.blizzard.com/wow/ui/" xmlns:xsi="http://www.w3.org/2001/XMLSchema-instance" xsi:schemaLocation="http://www.blizzard.com/wow/ui/ ..\..\FrameXML\UI.xsd">

	<Frame name="frameTabardAddictCharFrameLauncher" hidden="true" parent="PaperDollFrame" setAllPoints="true">
		<Size>
			<AbsDimension x="40" y="40"/>
		</Size>
		<Anchors>
			<Anchor point="TOPLEFT">
				<Offset>
					<AbsDimension x="53" y="-311"/>
				</Offset>
			</Anchor>
		</Anchors>
		<Layers>
			<Layer level="OVERLAY">
				<Texture urgency="5" file="Interface\SpellBook\SpellBook-SkillLineTab-Glow"/>
			</Layer>
		</Layers>
		<Frames>
			<Button name="TabardAddictCharFrameLauncher" parent="frameTabardAddictCharFrameLauncher">
				<Size>
					<AbsDimension x="40" y="40"/>
				</Size>
				<Anchors>
					<Anchor point="TOPLEFT" x="0" y="0"/>
				</Anchors>
				<Scripts>
					<OnClick>
						TabardAddictLauncher_OnClick(self);
					</OnClick>
					<OnEnter>
						GameTooltip:SetOwner(self, "ANCHOR_RIGHT");
						GameTooltip:SetText(TabardAddictLocalization["LAUNCHER_TT"], 1.0,1.0,1.0 );
					</OnEnter>
					<OnLeave function="GameTooltip_Hide"/>
				</Scripts>
				<NormalTexture urgency="5" file="Interface\Addons\TabardAddict\Textures\TabardAddictLauncher">
					<TexCoords left="0" right="1" top="0" bottom="0.5"/>
				</NormalTexture>
				<PushedTexture file="Interface\Addons\TabardAddict\Textures\TabardAddictLauncher">
					<TexCoords left="0" right="1" top="0.5" bottom="1"/>
				</PushedTexture>
				<HighlightTexture file="Interface\Buttons\UI-Common-MouseHilight" alphaMode="ADD" alpha="0.5">
					<Size>
						<AbsDimension x="32" y="32"/>
					</Size>
					<Anchors>
						<Anchor point="BOTTOM">
							<Offset>
								<AbsDimension x="-8" y="7"/>
							</Offset>
						</Anchor>
					</Anchors>
				</HighlightTexture>
			</Button>
		</Frames>
	</Frame>

</Ui>