<Ui xmlns="http://www.blizzard.com/wow/ui/" xmlns:xsi="http://www.w3.org/2001/XMLSchema-instance" xsi:schemaLocation="http://www.blizzard.com/wow/ui/
..\FrameXML\UI.xsd">
	<Script file="Roguedar.lua"/>
	<Frame name="RoguedarFrame" parent="UIParent" toplevel="true" movable="true" enableMouse="true">
		<Size>
			<AbsDimension x="130" y="40" />
		</Size>
		<Anchors>
			<Anchor point="CENTER" />
				<Offset x="-45" y="77" />
		</Anchors>
		<Backdrop bgFile="\Interface\AddOns\Roguedar\backgroundblank.tga" edgeFile="Interface\DialogFrame\UI-DialogBox-Border" tile="false">
			<BackgroundInsets>
				<AbsInset left="11" right="12" top="12" bottom="11" />
			</BackgroundInsets>
			<EdgeSize>
				<AbsValue val="32" />
			</EdgeSize>
		</Backdrop>
		<Layers>
			<Layer level="Background">
				<Texture name="RDbgimage" hidden="false">
					<Anchors point="TOPLEFT" relativeTo="RoguedarFrame" relativePoint="TOPLEFT">
						<BackgroundInsets>
							<AbsInset left="11" right="12" top="12" bottom="11" />
						</BackgroundInsets>
					</Anchors>
					<Color r="0" g="0" b="0" a="0.5" />
				</Texture>
			</Layer>
			<Layer level="OVERLAY">
				<FontString name="RDradartext" inherits="GameFontNormal" text="TEST">
					<Size>
						<AbsDimension x="100" y="30" />
					</Size>	
					<Anchors>
						<Anchor point="TOPLEFT">
							<Offset x="5" y="-5" />
						</Anchor>
					</Anchors>
					<Color r="0" g="1" b="0" a="1.0" />
				</FontString>
			</Layer>
		</Layers>
		<Scripts>
			<OnLoad>
				RoguedarOnLoad();
				RoguedarFrame:RegisterForDrag("LeftButton");
			</OnLoad>
			<OnEvent>
				RoguedarOnEvent(event, ...);
			</OnEvent>
			<OnMouseDown>
				RoguedarOnRightMouseClick();
			</OnMouseDown>
			<OnDragStart>
			RoguedarFrame:StartMoving();
			RoguedarFrame.isMoving = true;
			</OnDragStart>
			<OnDragStop>
			RoguedarFrame:StopMovingOrSizing();
			RoguedarFrame.isMoving = false;
			</OnDragStop>
		</Scripts>
	</Frame>
</Ui>