<?xml version="1.0" encoding="utf-8"?>
<Ui xmlns:xsi="http://www.w3.org/2001/XMLSchema-instance" xmlns="http://www.blizzard.com/wow/ui/" xsi:schemaLocation="http://www.blizzard.com/wow/ui/
..\FrameXML\UI.xsd">

<Script file="Filters.lua"/>

<Script file="name.lua"/>
<Script file="level.lua"/>
<Script file="itemLevel.lua"/>
<Script file="moggable.lua"/>
<Script file="faction.lua"/>
<Script file="class.lua"/>
<Script file="source.lua"/>
<Script file="slot.lua"/>
<Script file="quality.lua"/>

</Ui>