﻿<Ui xmlns="http://www.blizzard.com/wow/ui/" xmlns:xsi="http://www.w3.org/2001/XMLSchema-instance" xsi:schemaLocation="http://www.blizzard.com/wow/ui/ ..\FrameXML\UI.xsd">
	
    <Script file="libs\LibStub\LibStub.lua"/>
    <Script file="libs\CallbackHandler-1.0\CallbackHandler-1.0.lua"/>
    <Include file="libs\LibSharedMedia-3.0\lib.xml"/>
    <Include file="libs\LibQTip-1.0\lib.xml"/>
    <Include file="libs\ChatThrottleLib\ChatThrottleLib.xml"/>
    <Include file="libs\LibWho-2.0\lib.xml"/>
    
    
    <Script file="libs\LibDataBroker-1.1\LibDataBroker-1.1.lua"/>
    <Script file="libs\LibDBIcon-1.0\LibDBIcon-1.0.lua"/>
    
</Ui>

