﻿<Ui xmlns="http://www.blizzard.com/wow/ui/" xmlns:xsi="http://www.w3.org/2001/XMLSchema-instance" xsi:schemaLocation="http://www.blizzard.com/wow/ui/">
	<Script file="DefaultConfiguration.lua"/>
	<Script file="Guild2Guild.lua"/>
	<Frame name="Guild2GuildFrame" frameStrata="LOW" enableMouse="false" hidden="false">
		<Scripts>
			<OnLoad>
				Guild2Guild:OnLoad();
			</OnLoad>
			<OnEvent>
				Guild2Guild:OnEvent(event, ...);
			</OnEvent>
			<OnUpdate>
				Guild2Guild:OnUpdate(elapsed)
			</OnUpdate>
		</Scripts>
	</Frame>
</Ui>