<Ui xmlns="http://www.blizzard.com/wow/ui/" xmlns:xsi="http://www.w3.org/2001/XMLSchema-instance" xsi:schemaLocation="http://www.blizzard.com/wow/ui/
..\FrameXML\UI.xsd">
<!--@no-lib-strip@
	<Script  file="LibStub\LibStub.lua"/>
	<Script  file="CallbackHandler-1.0\CallbackHandler-1.0.lua"/>
	<Script  file="AceAddon-3.0\AceAddon-3.0.lua"/>
	<Script  file="AceBucket-3.0\AceBucket-3.0.lua"/>
	<Include file="AceGUI-3.0\AceGUI-3.0.xml"/>
	<Script  file="AceConfigRegistry-3.0\AceConfigRegistry-3.0.lua"/>
	<Script  file="AceConfigDialog-3.0\AceConfigDialog-3.0.lua"/>
	<Script  file="AceConsole-3.0\AceConsole-3.0.lua"/>
	<Script  file="AceConfigCmd-3.0\AceConfigCmd-3.0.lua"/>
	<Script  file="AceDB-3.0\AceDB-3.0.lua"/>
	<Script  file="AceDBOptions-3.0\AceDBOptions-3.0.lua"/>
	<Script  file="AceEvent-3.0\AceEvent-3.0.lua"/>
	<Script  file="AceHook-3.0\AceHook-3.0.lua"/>
	<Script  file="AceTimer-3.0\AceTimer-3.0.lua"/>
	<Script  file="LibDataBroker-1.1\LibDataBroker-1.1.lua"/>
	<Script  file="LibDBIcon-1.0\LibDBIcon-1.0.lua"/>
	<Script  file="LibDualSpec-1.0\LibDualSpec-1.0.lua"/>
@end-no-lib-strip@-->
	<Script  file="LibResInfo-1.0\LibResInfo-1.0.lua"/>
<!--@no-lib-strip@
	<Script  file="LibSharedMedia-3.0\LibSharedMedia-3.0.lua"/>
	<Include file="AceGUI-3.0-SharedMediaWidgets\widget.xml"/>
	<Include file="AceGUI-3.0-Spell-EditBox\AceGUI-3.0-Spell-EditBox.xml"/>
	<Script  file="UTF8\utf8.lua"/>
@end-no-lib-strip@-->
</Ui>