<Ui xmlns="http://www.blizzard.com/wow/ui/" xmlns:xsi="http://www.w3.org/2001/XMLSchema-instance" xsi:schemaLocation="http://www.blizzard.com/wow/ui/
../../FrameXML/UI.xsd">

<!-- Addon skins are here, must be prefixed by SkinMe\ -->

<script file="SkinMe\_DevPadGUI.lua"/>
<script file="SkinMe\_NPCScan.lua"/>
<script file="SkinMe\!Swatter.lua"/>
<script file="SkinMe\Accomplishment.lua"/>
<script file="SkinMe\Accountant.lua"/>
<script file="SkinMe\Ace2.lua"/>
<script file="SkinMe\Ace3.lua"/>
<script file="SkinMe\Acheron.lua"/>
<script file="SkinMe\AckisRecipeList.lua"/>
<script file="SkinMe\ACP.lua"/>
<script file="SkinMe\AddonLoader.lua"/>
<script file="SkinMe\AdiBags.lua"/>
<script file="SkinMe\AdvancedTradeSkillWindow.lua"/>
<script file="SkinMe\AISeller.lua"/>
<script file="SkinMe\AlleyMap.lua"/>
<script file="SkinMe\Altoholic.lua"/>
<script file="SkinMe\Analyst.lua"/>
<script file="SkinMe\AnnounceIt.lua"/>
<script file="SkinMe\AphesLootBrowser.lua"/>
<script file="SkinMe\Ara_Broker_Guild_Friends.lua"/>
<script file="SkinMe\Archy.lua"/>
<script file="SkinMe\ArkDewdrop.lua"/>
<script file="SkinMe\ArkInventory.lua"/>
<script file="SkinMe\Armory.lua"/>
<script file="SkinMe\Atlas.lua"/>
<script file="SkinMe\AtlasLoot.lua"/>
<script file="SkinMe\AtlasQuest.lua"/>
<script file="SkinMe\AucAdvanced.lua"/>
<script file="SkinMe\Auctionator.lua"/>
<script file="SkinMe\AuctionFilterPlus.lua"/>
<script file="SkinMe\AuctionLite.lua"/>
<script file="SkinMe\AuctionProfitMaster.lua"/>
<script file="SkinMe\Auctionsnatch.lua"/>
<script file="SkinMe\AutoBag.lua"/>
<script file="SkinMe\AutoDecline.lua"/>
<script file="SkinMe\AutoPartyButtons.lua"/>
<script file="SkinMe\AutoProfit.lua"/>
<script file="SkinMe\AzCastBarOptions.lua"/>
<script file="SkinMe\Badapples.lua"/>
<script file="SkinMe\Baggins.lua"/>
<script file="SkinMe\Bagnon.lua"/>
<script file="SkinMe\Bagnon_Forever.lua"/>
<script file="SkinMe\BankItems.lua"/>
<script file="SkinMe\BasicChatMods.lua"/>
<script file="SkinMe\BaudBag.lua"/>
<script file="SkinMe\BaudManifest.lua"/>
<script file="SkinMe\BeanCounter.lua"/>
<script file="SkinMe\beql.lua"/>
<script file="SkinMe\BetterBindingFrame.lua"/>
<script file="SkinMe\BetterInbox.lua"/>
<script file="SkinMe\BindPad.lua"/>
<script file="SkinMe\BlackList.lua"/>
<script file="SkinMe\BossInfo.lua"/>
<script file="SkinMe\BossNotes.lua"/>
<script file="SkinMe\BriefQuestComplete.lua"/>
<script file="SkinMe\Broker_Transport.lua"/>
<script file="SkinMe\Buffalo.lua"/>
<script file="SkinMe\BugSack.lua"/>
<script file="SkinMe\Butsu.lua"/>
<script file="SkinMe\BuyEmAll.lua"/>
<script file="SkinMe\CalendarNotify.lua"/>
<script file="SkinMe\CallToArms.lua"/>
<script file="SkinMe\Capping.lua"/>
<script file="SkinMe\Carbonite.lua"/>
<script file="SkinMe\CFM.lua"/>
<script file="SkinMe\ChatBar.lua"/>
<script file="SkinMe\Chatr.lua"/>
<script file="SkinMe\Chatter.lua"/>
<script file="SkinMe\Chinchilla.lua"/>
<script file="SkinMe\Clique.lua"/>
<script file="SkinMe\CloseUp.lua"/>
<script file="SkinMe\Collectinator.lua"/>
<script file="SkinMe\Combuctor.lua"/>
<script file="SkinMe\CombustionHelper.lua"/>
<script file="SkinMe\ConcessionStand.lua"/>
<script file="SkinMe\Configator.lua"/>
<script file="SkinMe\Converse.lua"/>
<script file="SkinMe\CoolLine.lua"/>
<script file="SkinMe\Cork.lua"/>
<script file="SkinMe\Cosplay.lua"/>
<script file="SkinMe\CowTip.lua"/>
<script file="SkinMe\CT_MailMod.lua"/>
<script file="SkinMe\CT_RaidTracker.lua"/>
<script file="SkinMe\DaemonMailAssist.lua"/>
<script file="SkinMe\DailiesQuestTracker.lua"/>
<script file="SkinMe\DamageMeters.lua"/>
<script file="SkinMe\DBM.lua"/>
<script file="SkinMe\DeathNote.lua"/>
<script file="SkinMe\Dewdrop.lua"/>
<script file="SkinMe\DockingStation.lua"/>
<script file="SkinMe\Dominos.lua"/>
<script file="SkinMe\DoTimer.lua"/>
<script file="SkinMe\DragonCore.lua"/>
<script file="SkinMe\EasyUnlock.lua"/>
<script file="SkinMe\EavesDrop.lua"/>
<script file="SkinMe\EditingUI.lua"/>
<script file="SkinMe\EggTimer.lua"/>
<script file="SkinMe\ElvUI.lua"/>
<script file="SkinMe\EnchantMe.lua"/>
<script file="SkinMe\Enchantrix.lua"/>
<script file="SkinMe\EnchantrixBarker.lua"/>
<script file="SkinMe\EnergyWatch.lua"/>
<script file="SkinMe\EngBags.lua"/>
<script file="SkinMe\EnhancedColourPicker.lua"/>
<script file="SkinMe\EnhancedFlightMap.lua"/>
<script file="SkinMe\EnhancedStackSplit.lua"/>
<script file="SkinMe\EnhancedTradeSkills.lua"/>
<script file="SkinMe\epgp.lua"/>
<script file="SkinMe\epgp_lootmaster.lua"/>
<script file="SkinMe\EquipCompare.lua"/>
<script file="SkinMe\EventEquip.lua"/>
<script file="SkinMe\Examiner.lua"/>
<script file="SkinMe\ExtVendor.lua"/>
<script file="SkinMe\Factionizer.lua"/>
<script file="SkinMe\FBagOfHolding.lua"/>
<script file="SkinMe\FeedMachine.lua"/>
<script file="SkinMe\FishingBuddy.lua"/>
<script file="SkinMe\Fizzle.lua"/>
<script file="SkinMe\FlightMap.lua"/>
<script file="SkinMe\FlightMapEnhanced.lua"/>
<script file="SkinMe\FlyoutButtonCustom.lua"/>
<script file="SkinMe\Fortress.lua"/>
<script file="SkinMe\FPSideBar.lua"/>
<script file="SkinMe\FramesResized.lua"/>
<script file="SkinMe\FramesResized_TalentUI.lua"/>
<script file="SkinMe\FreierGeist_InstanceTime.lua"/>
<script file="SkinMe\G15Buttons.lua"/>
<script file="SkinMe\Gatherer.lua"/>
<script file="SkinMe\GemMe.lua"/>
<script file="SkinMe\Glamour.lua"/>
<script file="SkinMe\GnomeWorks.lua"/>
<script file="SkinMe\GnomishAuctionShrinker.lua"/>
<script file="SkinMe\GnomishVendorShrinker.lua"/>
<script file="SkinMe\Gobling.lua"/>
<script file="SkinMe\Gossipmonger.lua"/>
<script file="SkinMe\Grid.lua"/>
<script file="SkinMe\GrimReaper.lua"/>
<script file="SkinMe\GroupCalendar5.lua"/>
<script file="SkinMe\GuildBankAccount.lua"/>
<script file="SkinMe\GuildBankSearch.lua"/>
<script file="SkinMe\GuildGreet.lua"/>
<script file="SkinMe\GuildLaunchCT_RaidTracker.lua"/>
<script file="SkinMe\GuildMaster.lua"/>
<script file="SkinMe\GupPet.lua"/>
<script file="SkinMe\Hack.lua"/>
<script file="SkinMe\Hadar_FocusFrame.lua"/>
<script file="SkinMe\HandyNotes.lua"/>
<script file="SkinMe\HatTrick.lua"/>
<script file="SkinMe\HeadCount.lua"/>
<script file="SkinMe\HealBot.lua"/>
<script file="SkinMe\Highlight.lua"/>
<script file="SkinMe\HitsMode.lua"/>
<script file="SkinMe\HoloFriends.lua"/>
<script file="SkinMe\InspectEquip.lua"/>
<script file="SkinMe\IntricateChatMods.lua"/>
<script file="SkinMe\IPopBar.lua"/>
<script file="SkinMe\ItemRack.lua"/>
<script file="SkinMe\ItemSync.lua"/>
<script file="SkinMe\LauncherMenu.lua"/>
<script file="SkinMe\LazyAFK.lua"/>
<script file="SkinMe\LibExtraTip.lua"/>
<script file="SkinMe\LibQTip.lua"/>
<script file="SkinMe\LibSimpleFrame.lua"/>
<script file="SkinMe\LibTradeSkillScan.lua"/>
<script file="SkinMe\LibXUI.lua"/>
<script file="SkinMe\LightHeaded.lua"/>
<script file="SkinMe\LilSparkysWorkshop.lua"/>
<script file="SkinMe\Links.lua"/>
<script file="SkinMe\LinkWrangler.lua"/>
<script file="SkinMe\Livestock.lua"/>
<script file="SkinMe\MacroBank.lua"/>
<script file="SkinMe\MacroBrokerGUI.lua"/>
<script file="SkinMe\MailTo.lua"/>
<script file="SkinMe\MakeRocketGoNow.lua"/>
<script file="SkinMe\Mapster.lua"/>
<script file="SkinMe\Megaphone.lua"/>
<script file="SkinMe\MinimalArchaeology.lua"/>
<script file="SkinMe\MinimapButtonFrame.lua"/>
<script file="SkinMe\MobMap.lua"/>
<script file="SkinMe\MogIt.lua"/>
<script file="SkinMe\MonkeyQuest.lua"/>
<script file="SkinMe\MonkeyQuestLog.lua"/>
<script file="SkinMe\Mountiful.lua"/>
<script file="SkinMe\MoveAnything.lua"/>
<script file="SkinMe\MrTrader_SkillWindow.lua"/>
<script file="SkinMe\MSBTOptions.lua"/>
<script file="SkinMe\MTLove.lua"/>
<script file="SkinMe\MuffinMOTD.lua"/>
<script file="SkinMe\MyBags.lua"/>
<script file="SkinMe\myClock.lua"/>
<script file="SkinMe\Necrosis.lua"/>
<script file="SkinMe\NeonChat.lua"/>
<script file="SkinMe\nQuestLog.lua"/>
<script file="SkinMe\Odyssey.lua"/>
<script file="SkinMe\oGlow.lua"/>
<script file="SkinMe\OgriLazy.lua"/>
<script file="SkinMe\Omen.lua"/>
<script file="SkinMe\OneBag3.lua"/>
<script file="SkinMe\oRA2.lua"/>
<script file="SkinMe\oRA3.lua"/>
<script file="SkinMe\Outfitter.lua"/>
<script file="SkinMe\Overachiever.lua"/>
<script file="SkinMe\PallyPower.lua"/>
<script file="SkinMe\Panda.lua"/>
<script file="SkinMe\PassLoot.lua"/>
<script file="SkinMe\Pawn.lua"/>
<script file="SkinMe\PerlClassic.lua"/>
<script file="SkinMe\PetListPlus.lua"/>
<script file="SkinMe\PetsPlus.lua"/>
<script file="SkinMe\PhoenixStyle.lua"/>
<script file="SkinMe\Planner.lua"/>
<script file="SkinMe\PlayerExpBar.lua"/>
<script file="SkinMe\PlusOneTable.lua"/>
<script file="SkinMe\POMAssist.lua"/>
<script file="SkinMe\PoMTracker.lua"/>
<script file="SkinMe\Possessions.lua"/>
<script file="SkinMe\Postal.lua"/>
<script file="SkinMe\PowerAuras.lua"/>
<script file="SkinMe\Prat3.lua"/>
<script file="SkinMe\PreformAVEnabler.lua"/>
<script file="SkinMe\Producer.lua"/>
<script file="SkinMe\ProfessionsBook.lua"/>
<script file="SkinMe\ProfessionTabs.lua"/>
<script file="SkinMe\PvpMessages.lua"/>
<script file="SkinMe\Quartz.lua"/>
<script file="SkinMe\Quelevel.lua"/>
<script file="SkinMe\QuestAgent.lua"/>
<script file="SkinMe\QuestCompletist.lua"/>
<script file="SkinMe\QuestGuru_Tracker.lua"/>
<script file="SkinMe\QuestHelper.lua"/>
<script file="SkinMe\QuestHelper2.lua"/>
<script file="SkinMe\QuestHistory.lua"/>
<script file="SkinMe\QuickMark.lua"/>
<script file="SkinMe\RABuffs.lua"/>
<script file="SkinMe\RaidAchievement.lua"/>
<script file="SkinMe\RaidBuffStatus.lua"/>
<script file="SkinMe\RaidChecklist.lua"/>
<script file="SkinMe\RaidComp.lua"/>
<script file="SkinMe\RaidTracker.lua"/>
<script file="SkinMe\RaidyCheck.lua"/>
<script file="SkinMe\RandomPet30.lua"/>
<script file="SkinMe\ReagentMaker.lua"/>
<script file="SkinMe\ReagentRestocker.lua"/>
<script file="SkinMe\Recap.lua"/>
<script file="SkinMe\RecipeBook.lua"/>
<script file="SkinMe\RecipeRadar.lua"/>
<script file="SkinMe\Recount.lua"/>
<script file="SkinMe\REFlex.lua"/>
<script file="SkinMe\ReforgeLite.lua"/>
<script file="SkinMe\Reforgerade.lua"/>
<script file="SkinMe\Reforgenator.lua"/>
<script file="SkinMe\RicoMiniMap.lua"/>
<script file="SkinMe\RockConfig.lua"/>
<script file="SkinMe\SayGMOTD.lua"/>
<script file="SkinMe\Scrap.lua"/>
<script file="SkinMe\ScrollMaster.lua"/>
<script file="SkinMe\ShadowDancer3.lua"/>
<script file="SkinMe\sienasGemViewer.lua"/>
<script file="SkinMe\Skada.lua"/>
<script file="SkinMe\Skillet.lua"/>
<script file="SkinMe\Smoker.lua"/>
<script file="SkinMe\SmoothQuest.lua"/>
<script file="SkinMe\SnapShot.lua"/>
<script file="SkinMe\Spew.lua"/>
<script file="SkinMe\Squeenix.lua"/>
<script file="SkinMe\Squire2_Config.lua"/>
<script file="SkinMe\sRaidFrames.lua"/>
<script file="SkinMe\tabDB.lua"/>
<script file="SkinMe\Tablet.lua"/>
<script file="SkinMe\Talented.lua"/>
<script file="SkinMe\TargetAnnounce.lua"/>
<script file="SkinMe\tekBlocks.lua"/>
<script file="SkinMe\tekDebug.lua"/>
<script file="SkinMe\tekErr.lua"/>
<script file="SkinMe\tekKonfig.lua"/>
<script file="SkinMe\tekPad.lua"/>
<script file="SkinMe\tektip.lua"/>
<script file="SkinMe\TheCollector.lua"/>
<script file="SkinMe\TinyDPS.lua"/>
<script file="SkinMe\TinyPad.lua"/>
<script file="SkinMe\TipTac.lua"/>
<script file="SkinMe\tomQuest2.lua"/>
<script file="SkinMe\TomTom.lua"/>
<script file="SkinMe\TooManyAddons.lua"/>
<script file="SkinMe\TourGuide.lua"/>
<script file="SkinMe\TradeSkillMaster.lua"/>
<script file="SkinMe\TradeTabs.lua"/>
<script file="SkinMe\TrinketBar.lua"/>
<script file="SkinMe\Tukui.lua"/>
<script file="SkinMe\TwinValkyr_shieldmonitor.lua"/>
<script file="SkinMe\UberQuest.lua"/>
<script file="SkinMe\UrbanAchiever.lua"/>
<script file="SkinMe\vBagnon.lua"/>
<script file="SkinMe\Vendorizer.lua"/>
<script file="SkinMe\Vendomatic.lua"/>
<script file="SkinMe\VendorSearch.lua"/>
<script file="SkinMe\Violation.lua"/>
<script file="SkinMe\Visor2_GUI.lua"/>
<script file="SkinMe\Volumizer.lua"/>
<script file="SkinMe\VuhDo.lua"/>
<script file="SkinMe\Warden.lua"/>
<script file="SkinMe\Waterfall.lua"/>
<script file="SkinMe\WeakAuras.lua"/>
<script file="SkinMe\WebDKP.lua"/>
<script file="SkinMe\WIM.lua"/>
<script file="SkinMe\WoWEquip.lua"/>
<script file="SkinMe\WowLua.lua"/>
<script file="SkinMe\WoWPro.lua"/>
<script file="SkinMe\WTFLatencyMeter.lua"/>
<script file="SkinMe\xcalc.lua"/>
<script file="SkinMe\XLoot.lua"/>
<script file="SkinMe\XLoot10.lua"/>
<script file="SkinMe\xMerchant.lua"/>
<script file="SkinMe\XPerl.lua"/>
<script file="SkinMe\zfpoison.lua"/>
<script file="SkinMe\ZOMGBuffs.lua"/>

</Ui>
