<!-- Revision: 344 2010-10-14T15:13:01Z -->
<Ui xmlns="http://www.blizzard.com/wow/ui/" xmlns:xsi="http://www.w3.org/2001/XMLSchema-instance" xsi:schemaLocation="http://www.blizzard.com/wow/ui/
..\..\..\..\FrameXML\UI.xsd">
  <Script file="ArmoryGuildBank.lua"/>
  <Button name="ArmoryGuildBankLabelTemplate" virtual="true">
    <Size>
      <AbsDimension x="285" y="16"/>
    </Size>
    <Scripts>
      <OnClick>
        if ( IsModifiedClick("CHATLINK") and self.link ) then
          HandleModifiedItemClick(self.link);
        end
      </OnClick>
      <OnEnter>
        GameTooltip:SetOwner(self, "ANCHOR_TOPLEFT", 80, 5);
        ArmoryGuildBankFrameButton_OnEnter(self);
      </OnEnter>
      <OnLeave>
        GameTooltip:Hide();
      </OnLeave>
    </Scripts>
    <NormalTexture name="$parentNormalTexture">
      <Size>
        <AbsDimension x="16" y="16"/>
      </Size>
      <Anchors>
        <Anchor point="LEFT">
          <Offset>
            <AbsDimension x="3" y="0"/>
          </Offset>
        </Anchor>
      </Anchors>
    </NormalTexture>
    <DisabledTexture name="$parentDisabled" file="Interface\FriendsFrame\UI-FriendsFrame-HighlightBar">
      <Size>
        <AbsDimension x="295" y="12"/>
      </Size>
      <Anchors>
        <Anchor point="LEFT"/>
      </Anchors>
    </DisabledTexture>
    <ButtonText name="$parentText">
      <Size>
        <AbsDimension x="0" y="13"/>
      </Size>
      <Anchors>
        <Anchor point="LEFT" relativeTo="$parentNormalTexture" relativePoint="RIGHT">
          <Offset>
            <AbsDimension x="2" y="1"/>
          </Offset>
        </Anchor>
      </Anchors>
    </ButtonText>
    <NormalFont style="GameFontHighlightLeft" />
    <DisabledFont style="GameFontHighlightSmallOutline" />
  </Button>
  <Button name="ArmoryGuildBankItemButtonTemplate" inherits="ItemButtonTemplate" virtual="true">
    <Frames>
      <Cooldown name="$parentCooldown" inherits="CooldownFrameTemplate"/>
      <Frame name="$parentShine" inherits="AutoCastShineTemplate">
        <Anchors>
          <Anchor point="CENTER">
            <Offset>
              <AbsDimension x="0" y="0"/>
            </Offset>
          </Anchor>
        </Anchors>
        <Size>
          <AbsDimension x="28" y="28"/>
        </Size>
      </Frame>
    </Frames>
    <Scripts>
      <OnClick>
        if ( IsModifiedClick("CHATLINK") and self.link ) then
          HandleModifiedItemClick(self.link);
        end
      </OnClick>
      <OnEnter>
        GameTooltip:SetOwner(self, "ANCHOR_TOPLEFT", 80, 5);
        ArmoryGuildBankFrameButton_OnEnter(self);
      </OnEnter>
      <OnLeave>
        GameTooltip:Hide();
      </OnLeave>
    </Scripts>
  </Button>
  <Frame name="ArmoryGuildBankFrameColumnTemplate" virtual="true">
    <Size>
      <AbsDimension x="100" y="311"/>
    </Size>
    <Layers>
      <Layer level="BACKGROUND">
        <Texture name="$parentBackground" file="Interface\GuildBankFrame\UI-GuildBankFrame-Slots" setAllPoints="true">
          <TexCoords left="0" right="0.78125" top="0" bottom="0.607421875"/>
        </Texture>
      </Layer>
    </Layers>
    <Frames>
      <Button name="$parentButton1" inherits="ArmoryGuildBankItemButtonTemplate">
        <Anchors>
          <Anchor point="TOPLEFT">
            <Offset x="7" y="-3"/>
          </Anchor>
        </Anchors>
      </Button>
      <Button name="$parentButton2" inherits="ArmoryGuildBankItemButtonTemplate">
        <Anchors>
          <Anchor point="TOPLEFT" relativeTo="$parentButton1" relativePoint="BOTTOMLEFT">
            <Offset x="0" y="-7"/>
          </Anchor>
        </Anchors>
      </Button>
      <Button name="$parentButton3" inherits="ArmoryGuildBankItemButtonTemplate">
        <Anchors>
          <Anchor point="TOPLEFT" relativeTo="$parentButton2" relativePoint="BOTTOMLEFT">
            <Offset x="0" y="-7"/>
          </Anchor>
        </Anchors>
      </Button>
      <Button name="$parentButton4" inherits="ArmoryGuildBankItemButtonTemplate">
        <Anchors>
          <Anchor point="TOPLEFT" relativeTo="$parentButton3" relativePoint="BOTTOMLEFT">
            <Offset x="0" y="-7"/>
          </Anchor>
        </Anchors>
      </Button>
      <Button name="$parentButton5" inherits="ArmoryGuildBankItemButtonTemplate">
        <Anchors>
          <Anchor point="TOPLEFT" relativeTo="$parentButton4" relativePoint="BOTTOMLEFT">
            <Offset x="0" y="-7"/>
          </Anchor>
        </Anchors>
      </Button>
      <Button name="$parentButton6" inherits="ArmoryGuildBankItemButtonTemplate">
        <Anchors>
          <Anchor point="TOPLEFT" relativeTo="$parentButton5" relativePoint="BOTTOMLEFT">
            <Offset x="0" y="-7"/>
          </Anchor>
        </Anchors>
      </Button>
      <Button name="$parentButton7" inherits="ArmoryGuildBankItemButtonTemplate">
        <Anchors>
          <Anchor point="TOPLEFT" relativeTo="$parentButton6" relativePoint="BOTTOMLEFT">
            <Offset x="0" y="-7"/>
          </Anchor>
        </Anchors>
      </Button>
      <Button name="$parentButton8" inherits="ArmoryGuildBankItemButtonTemplate">
        <Anchors>
          <Anchor point="TOPLEFT" relativeTo="$parentButton1" relativePoint="TOPRIGHT">
            <Offset x="12" y="0"/>
          </Anchor>
        </Anchors>
      </Button>
      <Button name="$parentButton9" inherits="ArmoryGuildBankItemButtonTemplate">
        <Anchors>
          <Anchor point="TOPLEFT" relativeTo="$parentButton8" relativePoint="BOTTOMLEFT">
            <Offset x="0" y="-7"/>
          </Anchor>
        </Anchors>
      </Button>
      <Button name="$parentButton10" inherits="ArmoryGuildBankItemButtonTemplate" id="10">
        <Anchors>
          <Anchor point="TOPLEFT" relativeTo="$parentButton9" relativePoint="BOTTOMLEFT">
            <Offset x="0" y="-7"/>
          </Anchor>
        </Anchors>
      </Button>
      <Button name="$parentButton11" inherits="ArmoryGuildBankItemButtonTemplate" id="11">
        <Anchors>
          <Anchor point="TOPLEFT" relativeTo="$parentButton10" relativePoint="BOTTOMLEFT">
            <Offset x="0" y="-7"/>
          </Anchor>
        </Anchors>
      </Button>
      <Button name="$parentButton12" inherits="ArmoryGuildBankItemButtonTemplate" id="12">
        <Anchors>
          <Anchor point="TOPLEFT" relativeTo="$parentButton11" relativePoint="BOTTOMLEFT">
            <Offset x="0" y="-7"/>
          </Anchor>
        </Anchors>
      </Button>
      <Button name="$parentButton13" inherits="ArmoryGuildBankItemButtonTemplate" id="13">
        <Anchors>
          <Anchor point="TOPLEFT" relativeTo="$parentButton12" relativePoint="BOTTOMLEFT">
            <Offset x="0" y="-7"/>
          </Anchor>
        </Anchors>
      </Button>
      <Button name="$parentButton14" inherits="ArmoryGuildBankItemButtonTemplate" id="14">
        <Anchors>
          <Anchor point="TOPLEFT" relativeTo="$parentButton13" relativePoint="BOTTOMLEFT">
            <Offset x="0" y="-7"/>
          </Anchor>
        </Anchors>
      </Button>
    </Frames>
  </Frame>
  <Frame name="ArmoryGuildBankTabTemplate" enableMouse="true" virtual="true">
    <Size>
      <AbsDimension x="42" y="50"/>
    </Size>
    <Anchors>
      <Anchor point="TOPLEFT">
        <Offset x="0" y="0"/>
      </Anchor>
    </Anchors>
    <Layers>
      <Layer level="BACKGROUND">
        <Texture file="Interface\GuildBankFrame\UI-GuildBankFrame-Tab">
          <Size>
            <AbsDimension x="64" y="64"/>
          </Size>
          <Anchors>
            <Anchor point="TOPLEFT"/>
          </Anchors>
        </Texture>
      </Layer>
    </Layers>
    <Frames>
      <CheckButton name="$parentButton">
        <Size>
          <AbsDimension x="36" y="34"/>
        </Size>
        <Anchors>
          <Anchor point="TOPLEFT">
            <Offset x="2" y="-8"/>
          </Anchor>
        </Anchors>
        <Layers>
          <Layer level="BORDER">
            <Texture name="$parentIconTexture"/>
            <FontString name="$parentCount" inherits="NumberFontNormal" justifyH="RIGHT" hidden="true">
              <Anchors>
                <Anchor point="BOTTOMRIGHT">
                  <Offset>
                    <AbsDimension x="-5" y="2"/>
                  </Offset>
                </Anchor>
              </Anchors>
            </FontString>
          </Layer>
        </Layers>
        <Scripts>
          <OnLoad>
            self:RegisterForClicks("LeftButtonUp");
          </OnLoad>
          <OnClick>
            local currentTab = self:GetParent():GetID();
            if ( AGB.currentTab ~= currentTab ) then
              PlaySound("GuildBankOpenBag");
            end
            ArmoryIconGuildBankTab_OnClick(self, button, currentTab);
          </OnClick>
          <OnEnter>
            GameTooltip:SetOwner(self, "ANCHOR_LEFT");
            GameTooltip:SetText(self.tooltip, nil, nil, nil, nil, 1);
          </OnEnter>
          <OnLeave>
            GameTooltip:Hide();
          </OnLeave>
        </Scripts>
        <NormalTexture name="$parentNormalTexture" file="Interface\Buttons\UI-Quickslot2">
          <Size>
            <AbsDimension x="60" y="60"/>
          </Size>
          <Anchors>
            <Anchor point="CENTER">
              <Offset>
                <AbsDimension x="0" y="-1"/>
              </Offset>
            </Anchor>
          </Anchors>
        </NormalTexture>
        <PushedTexture file="Interface\Buttons\UI-Quickslot-Depress"/>
        <HighlightTexture file="Interface\Buttons\ButtonHilight-Square" alphaMode="ADD"/>
        <CheckedTexture alphaMode="ADD" file="Interface\Buttons\CheckButtonHilight"/>
      </CheckButton>
    </Frames>
  </Frame>

  <Frame name="ArmoryGuildBankFrame" hidden="true">
    <Frames>
      <Button name="ArmoryGuildBankFrameDeleteButton">
        <Size>
          <AbsDimension x="60" y="60"/>
        </Size>
        <Scripts>
          <OnLoad>
            self:SetFrameLevel(self:GetFrameLevel() + 1);
            self:RegisterForClicks("RightButtonUp");
          </OnLoad>
          <OnClick>
            if ( button == "RightButton" and self.canDelete ) then
              StaticPopup_Show("ARMORY_DELETE_GUILDBANK", ArmoryGuildBankFrame.selectedGuild);
            end
          </OnClick>
          <OnEnter>
            self.canDelete = (ArmoryGuildBankFrame.selectedRealm ~= AGB.realm or ArmoryGuildBankFrame.selectedGuild ~= AGB.guild);
            if ( self.canDelete ) then
              GameTooltip:SetOwner(self, "ANCHOR_BOTTOMRIGHT");
              GameTooltip:SetText(ARMORY_DELETE_UNIT_HINT, GREEN_FONT_COLOR.r, GREEN_FONT_COLOR.g, GREEN_FONT_COLOR.b);
            end
          </OnEnter>
          <OnLeave>
            GameTooltip:Hide();
          </OnLeave>
        </Scripts>
      </Button>
      <Frame name="ArmoryGuildBankFactionFrame">
        <Size>
          <AbsDimension x="28" y="28"/>
        </Size>
        <Layers>
          <Layer level="ARTWORK">
            <Texture name="$parentIcon">
              <Size>
                <AbsDimension x="28" y="28"/>
              </Size>
              <Anchors>
                <Anchor point="LEFT">
                  <Offset>
                    <AbsDimension x="0" y="0"/>
                  </Offset>
                </Anchor>
              </Anchors>
            </Texture>
          </Layer>
        </Layers>
      </Frame>
      <EditBox name="ArmoryGuildBankFrameEditBox" autoFocus="false">
        <Size>
          <AbsDimension x="128" y="20"/>
        </Size>
        <Layers>
          <Layer level="BACKGROUND">
            <Texture name="$parentLeft" file="Interface\Common\Common-Input-Border">
              <Size>
                <AbsDimension x="8" y="20"/>
              </Size>
              <Anchors>
                <Anchor point="TOPLEFT">
                  <Offset x="-5" y="0"/>
                </Anchor>
              </Anchors>
              <TexCoords left="0" right="0.0625" top="0" bottom="0.625"/>
            </Texture>
            <Texture name="$parentRight" file="Interface\Common\Common-Input-Border">
              <Size>
                <AbsDimension x="8" y="20"/>
              </Size>
              <Anchors>
                <Anchor point="RIGHT">
                  <Offset x="0" y="0"/>
                </Anchor>
              </Anchors>
              <TexCoords left="0.9375" right="1.0" top="0" bottom="0.625"/>
            </Texture>
            <Texture name="$parentMiddle" file="Interface\Common\Common-Input-Border">
              <Size>
                <AbsDimension x="0" y="20"/>
              </Size>
              <Anchors>
                <Anchor point="LEFT" relativeTo="$parentLeft" relativePoint="RIGHT"/>
                <Anchor point="RIGHT" relativeTo="$parentRight" relativePoint="LEFT"/>
              </Anchors>
              <TexCoords left="0.0625" right="0.9375" top="0" bottom="0.625"/>
            </Texture>
          </Layer>
        </Layers>
        <Scripts>
          <OnEnterPressed>
            self:ClearFocus();
          </OnEnterPressed>
          <OnEscapePressed>
            self:ClearFocus();
          </OnEscapePressed>
          <OnTextChanged>
            ArmoryGuildBankFrame_OnTextChanged(self);
          </OnTextChanged>
          <OnEditFocusLost>
            self:HighlightText(0, 0);
            if ( self:GetText() == "" ) then
              self:SetText(SEARCH);
            end
          </OnEditFocusLost>
          <OnEditFocusGained>
            self:HighlightText();
            if ( self:GetText() == SEARCH ) then
              self:SetText("");
            end
          </OnEditFocusGained>
          <OnEnter>
            GameTooltip_SetDefaultAnchor(GameTooltip, self);
            Armory:AddEnhancedTip(self, SEARCH, 1.0, 1.0, 1.0, string.format(ARMORY_INVENTORY_SEARCH_TEXT_TOOLTIP,
              ITEM_QUALITY0_DESC, ITEM_QUALITY1_DESC, ITEM_QUALITY2_DESC, ITEM_QUALITY3_DESC, ITEM_QUALITY4_DESC, ITEM_QUALITY5_DESC, ITEM_QUALITY6_DESC, ITEM_QUALITY7_DESC), 1);
          </OnEnter>
          <OnLeave>
            GameTooltip:Hide();
          </OnLeave>
        </Scripts>
        <FontString inherits="ChatFontSmall"/>
      </EditBox>
      <Frame name="ArmoryGuildBankFilterDropDown" inherits="ArmoryFilterDropDownTemplate">
        <Scripts>
          <OnLoad>
            ArmoryGuildBankFilterDropDown_OnLoad(self);
          </OnLoad>
          <OnShow>
            ArmoryGuildBankFilterDropDown_OnShow(self);
          </OnShow>
        </Scripts>
      </Frame>
      <Frame name="ArmoryGuildBankNameDropDown" inherits="ArmoryDropDownMenuTemplate" enableMouse="true">
        <Scripts>
          <OnLoad>
            ArmoryGuildBankNameDropDown_OnLoad(self);
          </OnLoad>
          <OnShow>
            ArmoryGuildBankNameDropDown_Initialize();
          </OnShow>
        </Scripts>
      </Frame>
    </Frames>
    <Scripts>
      <OnLoad>
        ArmoryGuildBankFrame_OnLoad(self);
      </OnLoad>
      <OnEvent>
        ArmoryGuildBankFrame_OnEvent(self, event, ...);
      </OnEvent>
    </Scripts>    
  </Frame>

  <Frame name="ArmoryListGuildBankFrame" toplevel="true" movable="true" enableMouse="true" hidden="true" parent="UIParent">
    <Size>
      <AbsDimension x="384" y="512"/>
    </Size>
    <Anchors>
      <Anchor point="TOPLEFT">
        <Offset>
          <AbsDimension x="0" y="-104"/>
        </Offset>
      </Anchor>
    </Anchors>
    <HitRectInsets>
      <AbsInset left="0" right="34" top="0" bottom="75"/>
    </HitRectInsets>
    <Layers>
      <Layer level="BACKGROUND">
        <Texture name="ArmoryListGuildBankFramePortrait">
          <Size>
            <AbsDimension x="60" y="60"/>
          </Size>
          <Anchors>
            <Anchor point="TOPLEFT">
              <Offset>
                <AbsDimension x="7" y="-6"/>
              </Offset>
            </Anchor>
          </Anchors>
        </Texture>
      </Layer>
      <Layer level="BORDER">
        <Texture name="ArmoryListGuildBankFrameEmblemBackgroundUL">
          <Size>
            <AbsDimension x="27" y="32"/>
          </Size>
          <Anchors>
            <Anchor point="TOPLEFT">
              <Offset x="11" y="-16"/>
            </Anchor>
          </Anchors>
          <TexCoords left="0.5" right="1" top="0" bottom="1"/>
        </Texture>
        <Texture name="ArmoryListGuildBankFrameEmblemBackgroundUR">
          <Size>
            <AbsDimension x="27" y="32"/>
          </Size>
          <Anchors>
            <Anchor point="LEFT" relativeTo="ArmoryListGuildBankFrameEmblemBackgroundUL" relativePoint="RIGHT">
              <Offset x="0" y="0"/>
            </Anchor>
          </Anchors>
          <TexCoords left="1" right="0.5" top="0" bottom="1"/>
        </Texture>
        <Texture name="ArmoryListGuildBankFrameEmblemBackgroundBL">
          <Size>
            <AbsDimension x="27" y="20"/>
          </Size>
          <Anchors>
            <Anchor point="TOP" relativeTo="ArmoryListGuildBankFrameEmblemBackgroundUL" relativePoint="BOTTOM">
              <Offset x="0" y="0"/>
            </Anchor>
          </Anchors>
          <TexCoords left="0.5" right="1" top="0" bottom="1"/>
        </Texture>
        <Texture name="ArmoryListGuildBankFrameEmblemBackgroundBR">
          <Size>
            <AbsDimension x="27" y="20"/>
          </Size>
          <Anchors>
            <Anchor point="LEFT" relativeTo="ArmoryListGuildBankFrameEmblemBackgroundBL" relativePoint="RIGHT">
              <Offset x="0" y="0"/>
            </Anchor>
          </Anchors>
          <TexCoords left="1" right="0.5" top="0" bottom="1"/>
        </Texture>
      </Layer>
      <Layer level ="ARTWORK">
        <Texture name="ArmoryListGuildBankFrameEmblemUL">
          <Size>
            <AbsDimension x="27" y="32"/>
          </Size>
          <Anchors>
            <Anchor point="TOPLEFT" relativeTo="ArmoryListGuildBankFrameEmblemBackgroundUL">
              <Offset x="0" y="0"/>
            </Anchor>
          </Anchors>
          <TexCoords left="0.5" right="1" top="0" bottom="1"/>
        </Texture>
        <Texture name="ArmoryListGuildBankFrameEmblemUR">
          <Size>
            <AbsDimension x="27" y="32"/>
          </Size>
          <Anchors>
            <Anchor point="RIGHT" relativeTo="ArmoryListGuildBankFrameEmblemBackgroundUR" relativePoint="RIGHT">
              <Offset x="0" y="0"/>
            </Anchor>
          </Anchors>
          <TexCoords left="1" right="0.5" top="0" bottom="1"/>
        </Texture>
        <Texture name="ArmoryListGuildBankFrameEmblemBL">
          <Size>
            <AbsDimension x="27" y="20"/>
          </Size>
          <Anchors>
            <Anchor point="TOP" relativeTo="ArmoryListGuildBankFrameEmblemUL" relativePoint="BOTTOM">
              <Offset x="0" y="0"/>
            </Anchor>
          </Anchors>
          <TexCoords left="0.5" right="1" top="0" bottom="1"/>
        </Texture>
        <Texture name="ArmoryListGuildBankFrameEmblemBR">
          <Size>
            <AbsDimension x="27" y="20"/>
          </Size>
          <Anchors>
            <Anchor point="LEFT" relativeTo="ArmoryListGuildBankFrameEmblemBL" relativePoint="RIGHT">
              <Offset x="0" y="0"/>
            </Anchor>
          </Anchors>
          <TexCoords left="1" right="0.5" top="0" bottom="1"/>
        </Texture>
      </Layer>
      <Layer level="OVERLAY">
        <Texture file="Interface\ClassTrainerFrame\UI-ClassTrainer-TopLeft">
          <Size>
            <AbsDimension x="256" y="256"/>
          </Size>
          <Anchors>
            <Anchor point="TOPLEFT"/>
          </Anchors>
        </Texture>
        <Texture file="Interface\ClassTrainerFrame\UI-ClassTrainer-TopRight">
          <Size>
            <AbsDimension x="128" y="256"/>
          </Size>
          <Anchors>
            <Anchor point="TOPRIGHT"/>
          </Anchors>
        </Texture>
        <Texture file="Interface\PaperDollInfoFrame\UI-Character-General-BottomLeft">
          <Size>
            <AbsDimension x="256" y="256"/>
          </Size>
          <Anchors>
            <Anchor point="BOTTOMLEFT"/>
          </Anchors>
        </Texture>
        <Texture file="Interface\PaperDollInfoFrame\UI-Character-General-BottomRight">
          <Size>
            <AbsDimension x="128" y="256"/>
          </Size>
          <Anchors>
            <Anchor point="BOTTOMRIGHT"/>
          </Anchors>
        </Texture>
        <FontString name="ArmoryListGuildBankFrameTitleText" inherits="GameFontNormal" text="ARMORY_GUILDBANK_TITLE">
          <Anchors>
            <Anchor point="TOP" relativeTo="ArmoryListGuildBankFrame" relativePoint="TOP">
              <Offset>
                <AbsDimension x="0" y="-19"/>
              </Offset>
            </Anchor>
          </Anchors>
        </FontString>
        <FontString name="ArmoryListGuildBankFrameMessage" inherits="GameFontNormal" text="ARMORY_GUILDBANK_NO_DATA">
          <Anchors>
            <Anchor point="TOP" relativeTo="ArmoryListGuildBankFrame" relativePoint="TOP">
              <Offset>
                <AbsDimension x="-16" y="-120"/>
              </Offset>
            </Anchor>
          </Anchors>
        </FontString>
      </Layer>
    </Layers>
    <Frames>
      <Frame name="ArmoryListGuildBankFrameMoneyBackgroundFrame">
        <Size>
          <AbsDimension x="128" y="20"/>
        </Size>
        <Anchors>
          <Anchor point="TOPLEFT" relativeTo="ArmoryListGuildBankFrame">
            <Offset>
              <AbsDimension x="75" y="-45"/>
            </Offset>
          </Anchor>
        </Anchors>
        <Layers>
          <Layer level="BACKGROUND">
            <Texture name="ArmoryListGuildBankFrameMoneyFrameTopRight" file="Interface\Common\Common-Input-Border">
              <Size>
                <AbsDimension x="8" y="8"/>
              </Size>
              <Anchors>
                <Anchor point="TOPRIGHT"/>
              </Anchors>
              <TexCoords left="0.9375" right="1.0" top="0" bottom="0.25"/>
            </Texture>
            <Texture name="ArmoryListGuildBankFrameMoneyFrameBottomRight" file="Interface\Common\Common-Input-Border">
              <Size>
                <AbsDimension x="8" y="8"/>
              </Size>
              <Anchors>
                <Anchor point="BOTTOMRIGHT"/>
              </Anchors>
              <TexCoords left="0.9375" right="1.0" top="0.375" bottom="0.625"/>
            </Texture>
            <Texture name="ArmoryListGuildBankFrameMoneyFrameRight" file="Interface\Common\Common-Input-Border">
              <Size>
                <AbsDimension x="8" y="0"/>
              </Size>
              <Anchors>
                <Anchor point="TOP" relativeTo="ArmoryListGuildBankFrameMoneyFrameTopRight" relativePoint="BOTTOM"/>
                <Anchor point="BOTTOM" relativeTo="ArmoryListGuildBankFrameMoneyFrameBottomRight" relativePoint="TOP"/>
              </Anchors>
              <TexCoords left="0.9375" right="1.0" top="0.25" bottom="0.375"/>
            </Texture>
            <Texture name="ArmoryListGuildBankFrameMoneyFrameTopLeft" file="Interface\Common\Common-Input-Border">
              <Size>
                <AbsDimension x="8" y="8"/>
              </Size>
              <Anchors>
                <Anchor point="TOPLEFT"/>
              </Anchors>
              <TexCoords left="0" right="0.0625" top="0" bottom="0.25"/>
            </Texture>
            <Texture name="ArmoryListGuildBankFrameMoneyFrameBottomLeft" file="Interface\Common\Common-Input-Border">
              <Size>
                <AbsDimension x="8" y="8"/>
              </Size>
              <Anchors>
                <Anchor point="BOTTOMLEFT"/>
              </Anchors>
              <TexCoords left="0" right="0.0625" top="0.375" bottom="0.625"/>
            </Texture>
            <Texture name="ArmoryListGuildBankFrameMoneyFrameLeft" file="Interface\Common\Common-Input-Border">
              <Size>
                <AbsDimension x="8" y="0"/>
              </Size>
              <Anchors>
                <Anchor point="TOPLEFT" relativeTo="ArmoryListGuildBankFrameMoneyFrameTopLeft" relativePoint="BOTTOMLEFT"/>
                <Anchor point="BOTTOMLEFT" relativeTo="ArmoryListGuildBankFrameMoneyFrameBottomLeft" relativePoint="TOPLEFT"/>
              </Anchors>
              <TexCoords left="0" right="0.0625" top="0.25" bottom="0.375"/>
            </Texture>
            <Texture name="ArmoryListGuildBankFrameMoneyFrameTopMiddle" file="Interface\Common\Common-Input-Border">
              <Size>
                <AbsDimension x="100" y="8"/>
              </Size>
              <Anchors>
                <Anchor point="RIGHT" relativeTo="ArmoryListGuildBankFrameMoneyFrameTopRight" relativePoint="LEFT"/>
                <Anchor point="LEFT" relativeTo="ArmoryListGuildBankFrameMoneyFrameTopLeft" relativePoint="RIGHT"/>
              </Anchors>
              <TexCoords left="0.0625" right="0.9375" top="0" bottom="0.25"/>
            </Texture>
            <Texture name="ArmoryListGuildBankFrameMoneyFrameMiddleMiddle" file="Interface\Common\Common-Input-Border">
              <Size>
                <AbsDimension x="100" y="4"/>
              </Size>
              <Anchors>
                <Anchor point="TOPLEFT" relativeTo="ArmoryListGuildBankFrameMoneyFrameTopLeft" relativePoint="BOTTOMRIGHT"/>
                <Anchor point="BOTTOMRIGHT" relativeTo="ArmoryListGuildBankFrameMoneyFrameBottomRight" relativePoint="TOPLEFT"/>
              </Anchors>
              <TexCoords left="0.0625" right="0.9375" top="0.25" bottom="0.375"/>
            </Texture>
            <Texture name="ArmoryListGuildBankFrameMoneyFrameBottomMiddle" file="Interface\Common\Common-Input-Border">
              <Size>
                <AbsDimension x="100" y="8"/>
              </Size>
              <Anchors>
                <Anchor point="RIGHT" relativeTo="ArmoryListGuildBankFrameMoneyFrameBottomRight" relativePoint="LEFT"/>
                <Anchor point="LEFT" relativeTo="ArmoryListGuildBankFrameMoneyFrameBottomLeft" relativePoint="RIGHT"/>
              </Anchors>
              <TexCoords left="0.0625" right="0.9375" top="0.375" bottom="0.625"/>
            </Texture>
          </Layer>
        </Layers>
        <Frames>
          <Frame name="ArmoryListGuildBankFrameMoneyFrame" inherits="SmallMoneyFrameTemplate">
            <Anchors>
              <Anchor point="RIGHT">
                <Offset x="9" y="0"/>
              </Anchor>
            </Anchors>
            <Scripts>
              <OnLoad>
                SmallMoneyFrame_OnLoad(self);
                MoneyFrame_SetType(self, "AUCTION");
              </OnLoad>
            </Scripts>
          </Frame>
        </Frames>
      </Frame>
      <Button name="ArmoryListGuildBankFrameCloseButton" inherits="UIPanelCloseButton">
        <Anchors>
          <Anchor point="TOPRIGHT" relativeTo="ArmoryListGuildBankFrame" relativePoint="TOPRIGHT">
            <Offset>
              <AbsDimension x="-29" y="-8"/>
            </Offset>
          </Anchor>
        </Anchors>
      </Button>
      <Button name="ArmoryListGuildBankFrameTab1" inherits="CharacterFrameTabButtonTemplate" text="ARMORY_INVENTORY_LISTVIEW" id="1">
        <Anchors>
          <Anchor point="BOTTOMLEFT">
            <Offset x="19" y="45"/>
          </Anchor>
        </Anchors>
        <Scripts>
          <OnEnter>
            GameTooltip:SetOwner(self, "ANCHOR_RIGHT");
            GameTooltip:SetText("", 1.0,1.0,1.0 );
          </OnEnter>
          <OnLeave function="GameTooltip_Hide"/>
          <OnClick>
            ArmoryGuildBankFrameTab_OnClick(self, self:GetID());
          </OnClick>
        </Scripts>
      </Button>
      <Button name="ArmoryListGuildBankFrameTab2" inherits="CharacterFrameTabButtonTemplate" text="ARMORY_INVENTORY_ICONVIEW" id="2">
        <Anchors>
          <Anchor point="LEFT" relativeTo="ArmoryListGuildBankFrameTab1" relativePoint="RIGHT">
            <Offset>
              <AbsDimension x="-16" y="0"/>
            </Offset>
          </Anchor>
        </Anchors>
        <Scripts>
          <OnEnter>
            GameTooltip:SetOwner(self, "ANCHOR_RIGHT");
            GameTooltip:SetText("", 1.0,1.0,1.0 );
          </OnEnter>
          <OnLeave function="GameTooltip_Hide"/>
          <OnClick>
            ArmoryGuildBankFrameTab_OnClick(self, self:GetID());
          </OnClick>
        </Scripts>
      </Button>
      <Button name="ArmoryGuildBankLine1" inherits="ArmoryGuildBankLabelTemplate">
        <Anchors>
          <Anchor point="TOPLEFT">
            <Offset>
              <AbsDimension x="23" y="-103"/>
            </Offset>
          </Anchor>
        </Anchors>
      </Button>
      <Button name="ArmoryGuildBankLine2" inherits="ArmoryGuildBankLabelTemplate">
        <Anchors>
          <Anchor point="TOPLEFT" relativeTo="ArmoryGuildBankLine1" relativePoint="BOTTOMLEFT" />
        </Anchors>
      </Button>
      <Button name="ArmoryGuildBankLine3" inherits="ArmoryGuildBankLabelTemplate">
        <Anchors>
          <Anchor point="TOPLEFT" relativeTo="ArmoryGuildBankLine2" relativePoint="BOTTOMLEFT"/>
        </Anchors>
      </Button>
      <Button name="ArmoryGuildBankLine4" inherits="ArmoryGuildBankLabelTemplate">
        <Anchors>
          <Anchor point="TOPLEFT" relativeTo="ArmoryGuildBankLine3" relativePoint="BOTTOMLEFT"/>
        </Anchors>
      </Button>
      <Button name="ArmoryGuildBankLine5" inherits="ArmoryGuildBankLabelTemplate">
        <Anchors>
          <Anchor point="TOPLEFT" relativeTo="ArmoryGuildBankLine4" relativePoint="BOTTOMLEFT"/>
        </Anchors>
      </Button>
      <Button name="ArmoryGuildBankLine6" inherits="ArmoryGuildBankLabelTemplate">
        <Anchors>
          <Anchor point="TOPLEFT" relativeTo="ArmoryGuildBankLine5" relativePoint="BOTTOMLEFT"/>
        </Anchors>
      </Button>
      <Button name="ArmoryGuildBankLine7" inherits="ArmoryGuildBankLabelTemplate">
        <Anchors>
          <Anchor point="TOPLEFT" relativeTo="ArmoryGuildBankLine6" relativePoint="BOTTOMLEFT"/>
        </Anchors>
      </Button>
      <Button name="ArmoryGuildBankLine8" inherits="ArmoryGuildBankLabelTemplate">
        <Anchors>
          <Anchor point="TOPLEFT" relativeTo="ArmoryGuildBankLine7" relativePoint="BOTTOMLEFT"/>
        </Anchors>
      </Button>
      <Button name="ArmoryGuildBankLine9" inherits="ArmoryGuildBankLabelTemplate">
        <Anchors>
          <Anchor point="TOPLEFT" relativeTo="ArmoryGuildBankLine8" relativePoint="BOTTOMLEFT"/>
        </Anchors>
      </Button>
      <Button name="ArmoryGuildBankLine10" inherits="ArmoryGuildBankLabelTemplate">
        <Anchors>
          <Anchor point="TOPLEFT" relativeTo="ArmoryGuildBankLine9" relativePoint="BOTTOMLEFT"/>
        </Anchors>
      </Button>
      <Button name="ArmoryGuildBankLine11" inherits="ArmoryGuildBankLabelTemplate">
        <Anchors>
          <Anchor point="TOPLEFT" relativeTo="ArmoryGuildBankLine10" relativePoint="BOTTOMLEFT"/>
        </Anchors>
      </Button>
      <Button name="ArmoryGuildBankLine12" inherits="ArmoryGuildBankLabelTemplate">
        <Anchors>
          <Anchor point="TOPLEFT" relativeTo="ArmoryGuildBankLine11" relativePoint="BOTTOMLEFT"/>
        </Anchors>
      </Button>
      <Button name="ArmoryGuildBankLine13" inherits="ArmoryGuildBankLabelTemplate">
        <Anchors>
          <Anchor point="TOPLEFT" relativeTo="ArmoryGuildBankLine12" relativePoint="BOTTOMLEFT"/>
        </Anchors>
      </Button>
      <Button name="ArmoryGuildBankLine14" inherits="ArmoryGuildBankLabelTemplate">
        <Anchors>
          <Anchor point="TOPLEFT" relativeTo="ArmoryGuildBankLine13" relativePoint="BOTTOMLEFT"/>
        </Anchors>
      </Button>
      <Button name="ArmoryGuildBankLine15" inherits="ArmoryGuildBankLabelTemplate">
        <Anchors>
          <Anchor point="TOPLEFT" relativeTo="ArmoryGuildBankLine14" relativePoint="BOTTOMLEFT"/>
        </Anchors>
      </Button>
      <Button name="ArmoryGuildBankLine16" inherits="ArmoryGuildBankLabelTemplate">
        <Anchors>
          <Anchor point="TOPLEFT" relativeTo="ArmoryGuildBankLine15" relativePoint="BOTTOMLEFT"/>
        </Anchors>
      </Button>
      <Button name="ArmoryGuildBankLine17" inherits="ArmoryGuildBankLabelTemplate">
        <Anchors>
          <Anchor point="TOPLEFT" relativeTo="ArmoryGuildBankLine16" relativePoint="BOTTOMLEFT"/>
        </Anchors>
      </Button>
      <Button name="ArmoryGuildBankLine18" inherits="ArmoryGuildBankLabelTemplate">
        <Anchors>
          <Anchor point="TOPLEFT" relativeTo="ArmoryGuildBankLine17" relativePoint="BOTTOMLEFT"/>
        </Anchors>
      </Button>
      <Button name="ArmoryGuildBankLine19" inherits="ArmoryGuildBankLabelTemplate">
        <Anchors>
          <Anchor point="TOPLEFT" relativeTo="ArmoryGuildBankLine18" relativePoint="BOTTOMLEFT"/>
        </Anchors>
      </Button>
      <Button name="ArmoryGuildBankLine20" inherits="ArmoryGuildBankLabelTemplate">
        <Anchors>
          <Anchor point="TOPLEFT" relativeTo="ArmoryGuildBankLine19" relativePoint="BOTTOMLEFT"/>
        </Anchors>
      </Button>
      <ScrollFrame name="ArmoryListGuildBankScrollFrame" inherits="FauxScrollFrameTemplate">
        <Size>
          <AbsDimension x="296" y="331"/>
        </Size>
        <Anchors>
          <Anchor point="TOPRIGHT">
            <Offset>
              <AbsDimension x="-66" y="-97"/>
            </Offset>
          </Anchor>
        </Anchors>
        <Layers>
          <Layer level="BACKGROUND">
            <Texture name="$parentScrollBarTop" file="Interface\PaperDollInfoFrame\UI-Character-ScrollBar">
              <Size>
                <AbsDimension x="31" y="256"/>
              </Size>
              <Anchors>
                <Anchor point="TOPLEFT" relativePoint="TOPRIGHT">
                  <Offset>
                    <AbsDimension x="-2" y="5"/>
                  </Offset>
                </Anchor>
              </Anchors>
              <TexCoords left="0" right="0.484375" top="0" bottom="1.0"/>
            </Texture>
            <Texture name="$parentScrollBarBottom" file="Interface\PaperDollInfoFrame\UI-Character-ScrollBar">
              <Size>
                <AbsDimension x="31" y="106"/>
              </Size>
              <Anchors>
                <Anchor point="BOTTOMLEFT" relativePoint="BOTTOMRIGHT">
                  <Offset>
                    <AbsDimension x="-2" y="-2"/>
                  </Offset>
                </Anchor>
              </Anchors>
              <TexCoords left="0.515625" right="1.0" top="0" bottom="0.4140625"/>
            </Texture>
          </Layer>
        </Layers>
        <Scripts>
          <OnVerticalScroll>
            FauxScrollFrame_OnVerticalScroll(self, offset, ARMORY_LOOKUP_HEIGHT, ArmoryGuildBankFrame_Update);
          </OnVerticalScroll>
        </Scripts>
      </ScrollFrame>
    </Frames>
    <Scripts>
      <OnLoad>
        table.insert(ARMORYFRAME_MAINFRAMES, self:GetName());
        ArmoryListGuildBankFrame_OnLoad(self);
      </OnLoad>
      <OnShow>
        PlaySound("GuildVaultOpen");
        self:SetScale(Armory:GetConfigFrameScale());
        ArmoryListGuildBankFrame_AllignCommonControls(self);
        ArmoryGuildBankFrame_OnShow(self);
      </OnShow>
      <OnHide>
        PlaySound("GuildVaultClose");
      </OnHide>
      <OnMouseDown>
        if ( button == "LeftButton" ) then
          self:StartMoving();
          self.isMoving = true;
        end
      </OnMouseDown>
      <OnMouseUp>
        if ( self.isMoving ) then
          self:StopMovingOrSizing();
          self.isMoving = false;
        end
      </OnMouseUp>
      <OnMouseWheel>
        return;
      </OnMouseWheel>
    </Scripts>
  </Frame>

  <Frame name="ArmoryIconGuildBankFrame" toplevel="true" movable="true" enableMouse="true" hidden="true" parent="UIParent">
    <Size>
      <AbsDimension x="769" y="444"/>
    </Size>
    <Anchors>
      <Anchor point="TOPLEFT">
        <Offset>
          <AbsDimension x="0" y="-104"/>
        </Offset>
      </Anchor>
    </Anchors>
    <Layers>
      <Layer level="OVERLAY">
        <Texture name="ArmoryIconGuildBankTabTitleBackground" file="Interface\GuildBankFrame\UI-TabNameBorder">
          <Size>
            <AbsDimension x="10" y="18"/>
          </Size>
          <Anchors>
            <Anchor point="TOP" relativeTo="ArmoryIconGuildBankFrame" relativePoint="TOP">
              <Offset x="6" y="-43"/>
            </Anchor>
          </Anchors>
          <TexCoords left="0.0625" right="0.546875" top="0" bottom="0.5625"/>
        </Texture>
        <Texture name="ArmoryIconGuildBankTabTitleBackgroundLeft" file="Interface\GuildBankFrame\UI-TabNameBorder">
          <Size>
            <AbsDimension x="8" y="18"/>
          </Size>
          <Anchors>
            <Anchor point="RIGHT" relativeTo="ArmoryIconGuildBankTabTitleBackground" relativePoint="LEFT"/>
          </Anchors>
          <TexCoords left="0" right="0.0625" top="0" bottom="0.5625"/>
        </Texture>
        <Texture name="ArmoryIconGuildBankTabTitleBackgroundRight" file="Interface\GuildBankFrame\UI-TabNameBorder">
          <Size>
            <AbsDimension x="8" y="18"/>
          </Size>
          <Anchors>
            <Anchor point="LEFT" relativeTo="ArmoryIconGuildBankTabTitleBackground" relativePoint="RIGHT"/>
          </Anchors>
          <TexCoords left="0.546875" right="0.609375" top="0" bottom="0.5625"/>
        </Texture>
        <FontString name="ArmoryIconGuildBankTabTitle" inherits="GameFontNormal" text="Title">
          <Anchors>
            <Anchor point="CENTER" relativeTo="ArmoryIconGuildBankTabTitleBackground">
              <Offset x="0" y="1"/>
            </Anchor>
          </Anchors>
        </FontString>
        <FontString name="ArmoryIconGuildBankUpdateLabel" inherits="GameFontNormalSmall">
          <Size x="0" y="13"/>
          <Anchors>
            <Anchor point="BOTTOMLEFT" relativeTo="ArmoryIconGuildBankFrame" relativePoint="BOTTOMLEFT">
              <Offset x="26" y="16"/>
            </Anchor>
          </Anchors>
        </FontString>
      </Layer>
      <Layer level="ARTWORK">
        <FontString name="ArmoryIconGuildBankErrorMessage" inherits="GameFontNormal" text="NO_GUILDBANK_TABS">
          <Anchors>
            <Anchor point="TOP" relativeTo="ArmoryIconGuildBankFrame" relativePoint="TOP">
              <Offset x="0" y="-216"/>
            </Anchor>
          </Anchors>
        </FontString>
        <Texture name="ArmoryIconGuildBankFrameLeft" file="Interface\GuildBankFrame\UI-GuildBankFrame-Left">
          <Size>
            <AbsDimension x="512" y="512"/>
          </Size>
          <Anchors>
            <Anchor point="TOPLEFT"/>
          </Anchors>
        </Texture>
        <Texture name="ArmoryIconGuildBankFrameRight" file="Interface\GuildBankFrame\UI-GuildBankFrame-Right">
          <Size>
            <AbsDimension x="512" y="512"/>
          </Size>
          <Anchors>
            <Anchor point="TOPLEFT" relativeTo="ArmoryIconGuildBankFrameLeft" relativePoint="TOPRIGHT">
              <Offset x="0" y="-11"/>
            </Anchor>
          </Anchors>
        </Texture>
      </Layer>
      <Layer level="BACKGROUND">
        <Texture name="$parentPortrait">
          <Size>
            <AbsDimension x="40" y="40"/>
          </Size>
          <Anchors>
            <Anchor point="TOPLEFT">
              <Offset>
                <AbsDimension x="7" y="-5"/>
              </Offset>
            </Anchor>
          </Anchors>
        </Texture>
      </Layer>
    </Layers>
    <Frames>
      <Frame name="ArmoryIconGuildBankFrameEmblemFrame">
        <Size>
          <AbsDimension x="700" y="80"/>
        </Size>
        <Anchors>
          <Anchor point="TOP" relativeTo="ArmoryIconGuildBankFrame" relativePoint="TOP">
            <Offset x="-70" y="46"/>
          </Anchor>
        </Anchors>
        <Layers>
          <Layer level="ARTWORK">
            <Texture name="ArmoryIconGuildBankFrameEmblemFrameLeft" file="Interface\GuildBankFrame\UI-GuildBankFrame-EmblemBorder">
              <Size>
                <AbsDimension x="512" y="80"/>
              </Size>
              <Anchors>
                <Anchor point="TOPLEFT">
                  <Offset x="0" y="0"/>
                </Anchor>
              </Anchors>
              <TexCoords left="0" right="1" top="0" bottom="0.3125"/>
            </Texture>
            <Texture name="ArmoryIconGuildBankFrameEmblemFrameRight" file="Interface\GuildBankFrame\UI-GuildBankFrame-EmblemBorder">
              <Size>
                <AbsDimension x="512" y="79"/>
              </Size>
              <Anchors>
                <Anchor point="TOPLEFT" relativeTo="ArmoryIconGuildBankFrameEmblemFrameLeft" relativePoint="TOPRIGHT">
                  <Offset x="0" y="-1"/>
                </Anchor>
              </Anchors>
              <TexCoords left="0" right="1" top="0.31640625" bottom="0.625"/>
            </Texture>
          </Layer>
          <Layer level="BACKGROUND">
            <Texture name="ArmoryIconGuildBankFrameEmblemBackgroundUL">
              <Size>
                <AbsDimension x="40" y="40"/>
              </Size>
              <Anchors>
                <Anchor point="TOP" relativeTo="ArmoryIconGuildBankFrameEmblemFrame" relativePoint="TOP">
                  <Offset x="56" y="-19"/>
                </Anchor>
              </Anchors>
              <TexCoords left="0.5" right="1" top="0" bottom="1"/>
            </Texture>
            <Texture name="ArmoryIconGuildBankFrameEmblemBackgroundUR">
              <Size>
                <AbsDimension x="40" y="40"/>
              </Size>
              <Anchors>
                <Anchor point="LEFT" relativeTo="ArmoryIconGuildBankFrameEmblemBackgroundUL" relativePoint="RIGHT">
                  <Offset x="0" y="0"/>
                </Anchor>
              </Anchors>
              <TexCoords left="1" right="0.5" top="0" bottom="1"/>
            </Texture>
            <Texture name="ArmoryIconGuildBankFrameEmblemBackgroundBL">
              <Size>
                <AbsDimension x="40" y="20"/>
              </Size>
              <Anchors>
                <Anchor point="TOP" relativeTo="ArmoryIconGuildBankFrameEmblemBackgroundUL" relativePoint="BOTTOM">
                  <Offset x="0" y="0"/>
                </Anchor>
              </Anchors>
              <TexCoords left="0.5" right="1" top="0" bottom="1"/>
            </Texture>
            <Texture name="ArmoryIconGuildBankFrameEmblemBackgroundBR">
              <Size>
                <AbsDimension x="40" y="20"/>
              </Size>
              <Anchors>
                <Anchor point="LEFT" relativeTo="ArmoryIconGuildBankFrameEmblemBackgroundBL" relativePoint="RIGHT">
                  <Offset x="0" y="0"/>
                </Anchor>
              </Anchors>
              <TexCoords left="1" right="0.5" top="0" bottom="1"/>
            </Texture>
          </Layer>
          <Layer level="BORDER">
            <Texture name="ArmoryIconGuildBankFrameEmblemBorderUL">
              <Size>
                <AbsDimension x="40" y="40"/>
              </Size>
              <Anchors>
                <Anchor point="TOPLEFT" relativeTo="ArmoryIconGuildBankFrameEmblemBackgroundUL">
                  <Offset x="0" y="0"/>
                </Anchor>
              </Anchors>
              <TexCoords left="0.5" right="1" top="0" bottom="1"/>
            </Texture>
            <Texture name="ArmoryIconGuildBankFrameEmblemBorderUR">
              <Size>
                <AbsDimension x="40" y="40"/>
              </Size>
              <Anchors>
                <Anchor point="LEFT" relativeTo="ArmoryIconGuildBankFrameEmblemBorderUL" relativePoint="RIGHT">
                  <Offset x="0" y="0"/>
                </Anchor>
              </Anchors>
              <TexCoords left="1" right="0.5" top="0" bottom="1"/>
            </Texture>
            <Texture name="ArmoryIconGuildBankFrameEmblemBorderBL">
              <Size>
                <AbsDimension x="40" y="20"/>
              </Size>
              <Anchors>
                <Anchor point="TOP" relativeTo="ArmoryIconGuildBankFrameEmblemBorderUL" relativePoint="BOTTOM">
                  <Offset x="0" y="0"/>
                </Anchor>
              </Anchors>
              <TexCoords left="0.5" right="1" top="0" bottom="1"/>
            </Texture>
            <Texture name="ArmoryIconGuildBankFrameEmblemBorderBR">
              <Size>
                <AbsDimension x="40" y="20"/>
              </Size>
              <Anchors>
                <Anchor point="LEFT" relativeTo="ArmoryIconGuildBankFrameEmblemBorderBL" relativePoint="RIGHT">
                  <Offset x="0" y="0"/>
                </Anchor>
              </Anchors>
              <TexCoords left="1" right="0.5" top="0" bottom="1"/>
            </Texture>
            <Texture name="ArmoryIconGuildBankFrameEmblemUL">
              <Size>
                <AbsDimension x="40" y="40"/>
              </Size>
              <Anchors>
                <Anchor point="TOPLEFT" relativeTo="ArmoryIconGuildBankFrameEmblemBackgroundUL">
                  <Offset x="0" y="0"/>
                </Anchor>
              </Anchors>
              <TexCoords left="0.5" right="1" top="0" bottom="1"/>
            </Texture>
            <Texture name="ArmoryIconGuildBankFrameEmblemUR">
              <Size>
                <AbsDimension x="40" y="40"/>
              </Size>
              <Anchors>
                <Anchor point="LEFT" relativeTo="ArmoryIconGuildBankFrameEmblemBorderUL" relativePoint="RIGHT">
                  <Offset x="0" y="0"/>
                </Anchor>
              </Anchors>
              <TexCoords left="1" right="0.5" top="0" bottom="1"/>
            </Texture>
            <Texture name="ArmoryIconGuildBankFrameEmblemBL">
              <Size>
                <AbsDimension x="40" y="20"/>
              </Size>
              <Anchors>
                <Anchor point="TOP" relativeTo="ArmoryIconGuildBankFrameEmblemUL" relativePoint="BOTTOM">
                  <Offset x="0" y="0"/>
                </Anchor>
              </Anchors>
              <TexCoords left="0.5" right="1" top="0" bottom="1"/>
            </Texture>
            <Texture name="ArmoryIconGuildBankFrameEmblemBR">
              <Size>
                <AbsDimension x="40" y="20"/>
              </Size>
              <Anchors>
                <Anchor point="LEFT" relativeTo="ArmoryIconGuildBankFrameEmblemBL" relativePoint="RIGHT">
                  <Offset x="0" y="0"/>
                </Anchor>
              </Anchors>
              <TexCoords left="1" right="0.5" top="0" bottom="1"/>
            </Texture>
          </Layer>
        </Layers>
      </Frame>
      <Frame name="ArmoryIconGuildBankColumn1" inherits="ArmoryGuildBankFrameColumnTemplate">
        <Anchors>
          <Anchor point="TOPLEFT">
            <Offset x="30" y="-70"/>
          </Anchor>
        </Anchors>
      </Frame>
      <Frame name="ArmoryIconGuildBankColumn2" inherits="ArmoryGuildBankFrameColumnTemplate">
        <Anchors>
          <Anchor point="TOPLEFT" relativeTo="ArmoryIconGuildBankColumn1" relativePoint="TOPRIGHT">
            <Offset x="3" y="0"/>
          </Anchor>
        </Anchors>
      </Frame>
      <Frame name="ArmoryIconGuildBankColumn3" inherits="ArmoryGuildBankFrameColumnTemplate">
        <Anchors>
          <Anchor point="TOPLEFT" relativeTo="ArmoryIconGuildBankColumn2" relativePoint="TOPRIGHT">
            <Offset x="3" y="0"/>
          </Anchor>
        </Anchors>
      </Frame>
      <Frame name="ArmoryIconGuildBankColumn4" inherits="ArmoryGuildBankFrameColumnTemplate">
        <Anchors>
          <Anchor point="TOPLEFT" relativeTo="ArmoryIconGuildBankColumn3" relativePoint="TOPRIGHT">
            <Offset x="3" y="0"/>
          </Anchor>
        </Anchors>
      </Frame>
      <Frame name="ArmoryIconGuildBankColumn5" inherits="ArmoryGuildBankFrameColumnTemplate">
        <Anchors>
          <Anchor point="TOPLEFT" relativeTo="ArmoryIconGuildBankColumn4" relativePoint="TOPRIGHT">
            <Offset x="3" y="0"/>
          </Anchor>
        </Anchors>
      </Frame>
      <Frame name="ArmoryIconGuildBankColumn6" inherits="ArmoryGuildBankFrameColumnTemplate">
        <Anchors>
          <Anchor point="TOPLEFT" relativeTo="ArmoryIconGuildBankColumn5" relativePoint="TOPRIGHT">
            <Offset x="3" y="0"/>
          </Anchor>
        </Anchors>
      </Frame>
      <Frame name="ArmoryIconGuildBankColumn7" inherits="ArmoryGuildBankFrameColumnTemplate">
        <Anchors>
          <Anchor point="TOPLEFT" relativeTo="ArmoryIconGuildBankColumn6" relativePoint="TOPRIGHT">
            <Offset x="3" y="0"/>
          </Anchor>
        </Anchors>
      </Frame>
      <Frame name="ArmoryIconGuildBankFrameMoneyFrame" inherits="SmallMoneyFrameTemplate">
        <Anchors>
          <Anchor point="BOTTOMRIGHT" relativeTo="ArmoryIconGuildBankFrame" relativePoint="BOTTOMRIGHT">
            <Offset x="-4" y="16"/>
          </Anchor>
        </Anchors>
        <Scripts>
          <OnLoad>
            SmallMoneyFrame_OnLoad(self);
            MoneyFrame_SetType(self, "AUCTION");
          </OnLoad>
        </Scripts>
      </Frame>
      <Button inherits="UIPanelCloseButton">
        <Anchors>
          <Anchor point="TOPRIGHT">
            <Offset x="3" y="-8"/>
          </Anchor>
        </Anchors>
      </Button>
      <Button name="ArmoryIconGuildBankFrameTab1" inherits="CharacterFrameTabButtonTemplate" text="ARMORY_INVENTORY_ICONVIEW" id="2">
        <Anchors>
          <Anchor point="BOTTOMLEFT" relativeTo="ArmoryIconGuildBankFrame" relativePoint="BOTTOMLEFT">
            <Offset x="19" y="-24"/>
          </Anchor>
        </Anchors>
        <Scripts>
          <OnEnter>
            GameTooltip:SetOwner(self, "ANCHOR_RIGHT");
            GameTooltip:SetText("", 1.0,1.0,1.0 );
          </OnEnter>
          <OnLeave function="GameTooltip_Hide"/>
          <OnClick>
            ArmoryGuildBankFrameTab_OnClick(self, self:GetID());
          </OnClick>
        </Scripts>
      </Button>
      <Button name="ArmoryIconGuildBankFrameTab2" inherits="CharacterFrameTabButtonTemplate" text="ARMORY_INVENTORY_LISTVIEW" id="1">
        <Anchors>
          <Anchor point="LEFT" relativeTo="ArmoryIconGuildBankFrameTab1" relativePoint="RIGHT">
            <Offset>
              <AbsDimension x="-16" y="0"/>
            </Offset>
          </Anchor>
        </Anchors>
        <Scripts>
          <OnEnter>
            GameTooltip:SetOwner(self, "ANCHOR_RIGHT");
            GameTooltip:SetText("", 1.0,1.0,1.0 );
          </OnEnter>
          <OnLeave function="GameTooltip_Hide"/>
          <OnClick>
            ArmoryGuildBankFrameTab_OnClick(self, self:GetID());
          </OnClick>
        </Scripts>
      </Button>
      <Frame name="ArmoryIconGuildBankTab1" inherits="ArmoryGuildBankTabTemplate" id="1">
        <Anchors>
          <Anchor point="TOPLEFT" relativeTo="ArmoryIconGuildBankFrame" relativePoint="TOPRIGHT">
            <Offset x="-1" y="-32"/>
          </Anchor>
        </Anchors>
      </Frame>
      <Frame name="ArmoryIconGuildBankTab2" inherits="ArmoryGuildBankTabTemplate" id="2">
        <Anchors>
          <Anchor point="TOPLEFT" relativeTo="ArmoryIconGuildBankTab1" relativePoint="BOTTOMLEFT">
            <Offset x="0" y="0"/>
          </Anchor>
        </Anchors>
      </Frame>
      <Frame name="ArmoryIconGuildBankTab3" inherits="ArmoryGuildBankTabTemplate" id="3">
        <Anchors>
          <Anchor point="TOPLEFT" relativeTo="ArmoryIconGuildBankTab2" relativePoint="BOTTOMLEFT">
            <Offset x="0" y="0"/>
          </Anchor>
        </Anchors>
      </Frame>
      <Frame name="ArmoryIconGuildBankTab4" inherits="ArmoryGuildBankTabTemplate" id="4">
        <Anchors>
          <Anchor point="TOPLEFT" relativeTo="ArmoryIconGuildBankTab3" relativePoint="BOTTOMLEFT">
            <Offset x="0" y="0"/>
          </Anchor>
        </Anchors>
      </Frame>
      <Frame name="ArmoryIconGuildBankTab5" inherits="ArmoryGuildBankTabTemplate" id="5">
        <Anchors>
          <Anchor point="TOPLEFT" relativeTo="ArmoryIconGuildBankTab4" relativePoint="BOTTOMLEFT">
            <Offset x="0" y="0"/>
          </Anchor>
        </Anchors>
      </Frame>
      <Frame name="ArmoryIconGuildBankTab6" inherits="ArmoryGuildBankTabTemplate" id="6">
        <Anchors>
          <Anchor point="TOPLEFT" relativeTo="ArmoryIconGuildBankTab5" relativePoint="BOTTOMLEFT">
            <Offset x="0" y="0"/>
          </Anchor>
        </Anchors>
      </Frame>
      <Frame name="ArmoryIconGuildBankTab7" inherits="ArmoryGuildBankTabTemplate" id="7">
        <Anchors>
          <Anchor point="TOPLEFT" relativeTo="ArmoryIconGuildBankTab6" relativePoint="BOTTOMLEFT">
            <Offset x="0" y="0"/>
          </Anchor>
        </Anchors>
      </Frame>
      <Frame name="ArmoryIconGuildBankTab8" inherits="ArmoryGuildBankTabTemplate" id="8">
        <Anchors>
          <Anchor point="TOPLEFT" relativeTo="ArmoryIconGuildBankTab7" relativePoint="BOTTOMLEFT">
            <Offset x="0" y="0"/>
          </Anchor>
        </Anchors>
      </Frame>
    </Frames>
    <Scripts>
      <OnLoad>
        table.insert(ARMORYFRAME_MAINFRAMES, self:GetName());
        ArmoryIconGuildBankFrame_OnLoad(self);
      </OnLoad> 
      <OnShow>
        self:SetScale(Armory:GetConfigFrameScale());
        ArmoryIconGuildBankFrame_AllignCommonControls(self);
        ArmoryGuildBankFrame_OnShow(self);
      </OnShow>
      <OnHide>
        PlaySound("GuildVaultClose");
      </OnHide>
      <OnMouseDown>
        if ( button == "LeftButton" ) then
          self:StartMoving();
          self.isMoving = true;
        end
      </OnMouseDown>
      <OnMouseUp>
        if ( self.isMoving ) then
          self:StopMovingOrSizing();
          self.isMoving = false;
        end
      </OnMouseUp>
    </Scripts>
  </Frame>
</Ui>