<?xml version="1.0" encoding="utf-8"?>
<Ui xmlns:xsi="http://www.w3.org/2001/XMLSchema-instance" xmlns="http://www.blizzard.com/wow/ui/" xsi:schemaLocation="http://www.blizzard.com/wow/ui/
..\FrameXML\UI.xsd">

	<Include file="Database\Filters\Pets.lua"/>

	<Include file="Database\Collections\PetDB.lua"/>
	<Include file="Database\Collections\MountDB.lua"/>

	<Include file="Database\Custom.lua"/>
	<Include file="Database\Mob.lua"/>
	<Include file="Database\Quest.lua"/>
	<Include file="Database\Reputation.lua"/>
	<Include file="Database\WorldEvents.lua"/>
    <Include file="Database\Trainer.lua"/>
    <Include file="Database\Vendor.lua"/>

</Ui>
